,,,,,,,,,,,,,,,,,,,,,,,,,,
,空売り残高に関する情報,,,,,,,,,,,,,,,,,,,,,,,,,
,Information on Outstanding Short Selling Positions,,,,,,,,,,,,,,,,,,,,,,,,,
,,,,,,,,,,,,,,,,,,,,,,,,,,
,"公表年月日
Date of Disclosure",2019/04/26,,,,,,,,,,,,,,,,,,,,,,,,
,,,,,,,,,,,,,,,,,,,,,,,,,,
,計算年月日,銘柄コード,"銘柄名
（日本語／英語）",,商号・名称・氏名,住所・所在地,委託者・投資一任契約の相手方の商号・名称・氏名,委託者・投資一任契約の相手方の住所・所在地,信託財産・運用財産の名称,空売り残高割合,空売り残高数量,空売り残高売買単位数,直近計算年月日,直近空売り残高割合,備考,,,,,,,,,,,
,Date of Calculation,Code of Stock,"Name of Stock
(Japanese / English)",,Name of Short Seller,Address of Short Seller,Name of Discretionary Investment Contractor ,Address of Discretionary Investment Contractor,Name of Investment Fund,Ratio of Short Positions to Shares Outstanding,Number of Short Positions in Shares,Number of Short Positions in Trading Units,Date of Calculation in Previous Reporting,Ratio of Short Positions in Previous Reporting ,Notes,,,,,,,,,,,
,2019/04/24,1329 ,ｉシェアーズ・コア　日経２２５　ＥＴＦ　受益証券,iShares Core Nikkei 225 ETF,J.P. MORGAN SECURITIES PLC,25 BANK STREET CANARY WHARF LONDON E14 5JP UNITED KINGDOM REG. NO. 2711006,,,,6.02%,"1,998,500 ","1,998,500 ",2019/03/01,0.08%,,,,,,,,,,,,
,2019/04/24,1448 ,スペースバリューホールディングス　普通株式,"SPACE VALUE HOLDINGS CO.,LTD.",Credit Suisse Securities (Europe) Limited,"One Cabot Square, London E14 4QJ, United Kingdom ",,,,0.66%,"237,798 ","2,377 ",2019/04/22,0.72%,SUBSEQUENT,,,,,,,,,,,
,2019/04/24,1466 ,ダイワ上場投信－ＪＰＸ日経４００ダブルインバース・インデックス　受益証券,Daiwa ETF Japan JPX-Nikkei 400 Double Inverse (-2x) Index,個人,,,,,0.00%,0 ,0 ,2019/04/19,1.06%,,,,,,,,,,,,
,2019/04/24,1475 ,ｉシェアーズ・コア　ＴＯＰＩＸ　ＥＴＦ　受益証券,iShares Core TOPIX ETF,J.P. MORGAN SECURITIES PLC,25 BANK STREET CANARY WHARF LONDON E14 5JP UNITED KINGDOM REG. NO. 2711006,,,,0.76%,"1,113,819 ","1,113,819 ",2019/04/16,0.89%,,,,,,,,,,,,
,2019/04/24,1514 ,住石ホールディングス　普通株式,"Sumiseki Holdings,Inc.",OXAM QUANT FUND LIMITED,"HARBOUR PLACE, PO BOX 472, GRAND CAYMAN",OXFORD ASSET MANAGEMENT,"OXAM HOUSE, 6 GEORGE STREET, OXFORD, OX1 2BW, UK",OXAM QUANT FUND LIMITED,0.68%,"401,200 ","4,012 ",2019/04/23,0.68%,,,,,,,,,,,,
,2019/04/24,1552 ,国際のＥＴＦ　ＶＩＸ短期先物指数　受益証券,KOKUSAI S&P500 VIX SHORT-TERM FUTURES INDEX ETF,DRW Singapore Pte. Ltd.,8 Marina View #32-05 Asia Square Tower 1 Singapore 018960,,,,1.49%,"33,763 ","33,763 ",2019/04/22,1.20%,,,,,,,,,,,,
,2019/04/25,1570 ,ＮＥＸＴ　ＦＵＮＤＳ　日経平均レバレッジ・インデックス連動型上場投信　受益証券,NEXT FUNDS Nikkei 225 Leveraged Index Exchange Traded Fund,個人,,,,,0.59%,"92,301 ","92,301 ",2019/04/22,0.46%,,,,,,,,,,,,
,2019/04/25,1579 ,日経平均ブル２倍上場投信　受益証券,Nikkei 225 Bull 2x ETF,Flow Traders Asia Pte Ltd.,"8 Marina View, #39-03 Asia Square Tower 1, Singapore 018960",,,,1.77%,"16,300 ","1,630 ",,,,,,,,,,,,,,
,2019/04/25,1579 ,日経平均ブル２倍上場投信　受益証券,Nikkei 225 Bull 2x ETF,個人,,,,,0.66%,"6,000 ",600 ,2019/04/12,0.20%,変更,,,,,,,,,,,
,2019/04/24,1813 ,不動テトラ　普通株式,Fudo Tetra Corporation,UBS AG,"Bahnhofstrasse 45, 8001 Zurich, Switzerland",,,,0.49%,"82,020 ",820 ,2019/04/02,0.50%,,,,,,,,,,,,
,2019/04/24,1963 ,日揮　普通株式,JGC CORPORATION,"BlackRock Institutional Trust Company, N.A.","400 Howard Street, San Francisco, CA 94105 USA
","Style Advantage, Ltd.","c/o Maples Corporate Services Limited, PO Box 309, Ugland House, Grand Cayman, KY1- 1104, Cayman Islands",,0.50%,"1,296,600 ","12,966 ",2019/04/10,0.40%,,,,,,,,,,,,
,2019/04/24,2004 ,昭和産業　普通株式,"Showa Sangyo Co.,Ltd.",Nomura International plc,"1 Angel Lane, London, EC4R 3AB, United Kingdom",,,,0.70%,"231,081 ","2,310 ",2019/04/16,0.69%,,,,,,,,,,,,
,2019/04/24,2120 ,ＬＩＦＵＬＬ　普通株式,"LIFULL Co.,Ltd.",Credit Suisse Securities (Europe) Limited,"One Cabot Square, London E14 4QJ, United Kingdom ",,,,0.00%,0 ,0 ,2019/04/17,0.51%,CESSATION,,,,,,,,,,,
,2019/04/24,2134 ,燦キャピタルマネージメント　普通株式,Sun Capital Management Corp.,Nomura International plc,"1 Angel Lane, London, EC4R 3AB, United Kingdom",,,,0.72%,"404,900 ","4,049 ",2019/04/23,0.60%,,,,,,,,,,,,
,2019/04/24,2146 ,ＵＴグループ　普通株式,"UT Group Co.,Ltd.",JPM Securities Japan Co Ltd.,"TOKYO BUILDING,7-3, MARUNOUCHI 2-CHOME, CHIYODA-KU, TOKYO, 1006432, JAPAN",,,,0.99%,"402,617 ","4,026 ",2019/04/23,1.01%,,,,,,,,,,,,
,2019/04/24,2146 ,ＵＴグループ　普通株式,"UT Group Co.,Ltd.",MERRILL LYNCH INTERNATIONAL,"2 KING EDWARD STREET, LONDON, EC1A 1HQ",,,,0.55%,"224,849 ","2,248 ",2019/04/23,0.58%,,,,,,,,,,,,
,2019/04/24,2160 ,ジーエヌアイグループ　普通株式,GNI Group Ltd.,GOLDMAN SACHS INTERNATIONAL,Peterborough Court 133 Fleet Street London,,,,0.61%,"84,699 ",846 ,2019/04/22,0.52%,顧客取引に係るヘッジポジションも含む,,,,,,,,,,,
,2019/04/24,2160 ,ジーエヌアイグループ　普通株式,GNI Group Ltd.,JPM Securities Japan Co Ltd.,"TOKYO BUILDING,7-3, MARUNOUCHI 2-CHOME, CHIYODA-KU, TOKYO, 1006432, JAPAN",,,,0.60%,"83,785 ",837 ,2019/04/22,0.51%,,,,,,,,,,,,
,2019/04/24,2168 ,パソナグループ　普通株式,Pasona Group Inc.,"Deutsche Bank Aktiengesellschaft, London 　ドイツ銀行ロンドン支店","Winchester House, 1 Great Winchester Street, London EC2N 2DB, England, UK　
  英国ロンドン市 EC2N 2DB、グレート・ウィンチェスター・ストリート 1、ウィンチェスター ハウス",,,,0.48%,"202,600 ","2,026 ",2019/04/17,0.51%,顧客取引のヘッジポジションを含む場合がある,,,,,,,,,,,
,2019/04/24,2176 ,イナリサーチ　普通株式,Ina Research Inc.,Credit Suisse Securities (Europe) Limited,"One Cabot Square, London E14 4QJ, United Kingdom ",,,,0.73%,"21,900 ",219 ,2019/04/23,0.93%,SUBSEQUENT,,,,,,,,,,,
,2019/04/24,2176 ,イナリサーチ　普通株式,Ina Research Inc.,"Deutsche Bank Aktiengesellschaft, London 　ドイツ銀行ロンドン支店","Winchester House, 1 Great Winchester Street, London EC2N 2DB, England, UK　
  英国ロンドン市 EC2N 2DB、グレート・ウィンチェスター・ストリート 1、ウィンチェスター ハウス",,,,1.10%,"33,200 ",332 ,2019/04/22,1.00%,顧客取引のヘッジポジションを含む場合がある,,,,,,,,,,,
,2019/04/24,2176 ,イナリサーチ　普通株式,Ina Research Inc.,UBS AG,"Bahnhofstrasse 45, 8001 Zurich, Switzerland",,,,0.95%,"28,600 ",286 ,2019/04/19,1.06%,,,,,,,,,,,,
,2019/04/24,2181 ,パーソルホールディングス　普通株式,"PERSOL HOLDINGS CO.,LTD.",J.P. MORGAN SECURITIES PLC,25 BANK STREET CANARY WHARF LONDON E14 5JP UNITED KINGDOM REG. NO. 2711006,,,,0.18%,"445,650 ","4,456 ",2019/04/10,0.72%,,,,,,,,,,,,
,2019/04/24,2330 ,フォーサイド　普通株式,"Forside Co.,Ltd.",JPM Securities Japan Co Ltd.,"TOKYO BUILDING,7-3, MARUNOUCHI 2-CHOME, CHIYODA-KU, TOKYO, 1006432, JAPAN",,,,1.76%,"553,300 ","5,533 ",2019/04/03,1.88%,,,,,,,,,,,,
,2019/04/24,2352 ,エイジア　普通株式,"AZIA CO.,LTD.",Nomura International plc,"1 Angel Lane, London, EC4R 3AB, United Kingdom",,,,0.93%,"41,400 ",414 ,2019/04/19,0.84%,,,,,,,,,,,,
,2019/04/25,2371 ,カカクコム　普通株式,"Kakaku.com,Inc.",モルガン・スタンレーMUFG証券株式会社,東京都千代田区大手町一丁目９番７号大手町フィナンシャルシティサウスタワー,,,,1.58%,"3,323,700 ","33,237 ",2019/04/24,1.60%,,,,,,,,,,,,
,2019/04/24,2372 ,アイロムグループ　普通株式,"I'rom Group Co.,Ltd.",UBS AG,"Bahnhofstrasse 45, 8001 Zurich, Switzerland",,,,0.98%,"115,740 ","1,157 ",2019/04/23,1.09%,,,,,,,,,,,,
,2019/04/24,2379 ,ディップ　普通株式,DIP corporation,MERRILL LYNCH INTERNATIONAL,"2 KING EDWARD STREET, LONDON, EC1A 1HQ",,,,0.55%,"346,768 ","3,467 ",2019/04/23,0.59%,,,,,,,,,,,,
,2019/04/24,2379 ,ディップ　普通株式,DIP corporation,UBS AG,"Bahnhofstrasse 45, 8001 Zurich, Switzerland",,,,0.65%,"404,800 ","4,048 ",2019/04/18,0.52%,,,,,,,,,,,,
,2019/04/24,2395 ,新日本科学　普通株式,"SHIN NIPPON BIOMEDICAL LABORATORIES,LTD.",GOLDMAN SACHS INTERNATIONAL,Peterborough Court 133 Fleet Street London,,,,0.91%,"380,611 ","3,806 ",2019/04/22,0.86%,顧客取引に係るヘッジポジションも含む,,,,,,,,,,,
,2019/04/24,2397 ,ＤＮＡチップ研究所　普通株式,DNA Chip Research Inc.,Credit Suisse Securities (Europe) Limited,"One Cabot Square, London E14 4QJ, United Kingdom ",,,,0.90%,"46,100 ",461 ,2019/04/22,1.07%,SUBSEQUENT,,,,,,,,,,,
,2019/04/24,2427 ,アウトソーシング　普通株式,OUTSOURCING Inc.,MERRILL LYNCH INTERNATIONAL,"2 KING EDWARD STREET, LONDON, EC1A 1HQ",,,,0.87%,"1,102,117 ","11,021 ",2019/04/23,0.89%,,,,,,,,,,,,
,2019/04/24,2427 ,アウトソーシング　普通株式,OUTSOURCING Inc.,Nomura International plc,"1 Angel Lane, London, EC4R 3AB, United Kingdom",,,,0.79%,"1,001,500 ","10,015 ",2019/04/16,0.87%,,,,,,,,,,,,
,2019/04/24,2436 ,共同ピーアール　普通株式,"KYODO PUBLIC RELATIONS CO.,LTD.",JPM Securities Japan Co Ltd.,"TOKYO BUILDING,7-3, MARUNOUCHI 2-CHOME, CHIYODA-KU, TOKYO, 1006432, JAPAN",,,,2.87%,"117,400 ","1,174 ",2019/04/22,2.95%,,,,,,,,,,,,
,2019/04/24,2440 ,ぐるなび　普通株式,"Gurunavi,Inc.",Nomura International plc,"1 Angel Lane, London, EC4R 3AB, United Kingdom",,,,0.54%,"263,164 ","2,631 ",2019/04/11,0.44%,,,,,,,,,,,,
,2019/04/24,2479 ,ジェイテック　普通株式,JTEC CORPORATION,"Deutsche Bank Aktiengesellschaft, London 　ドイツ銀行ロンドン支店","Winchester House, 1 Great Winchester Street, London EC2N 2DB, England, UK　
  英国ロンドン市 EC2N 2DB、グレート・ウィンチェスター・ストリート 1、ウィンチェスター ハウス",,,,2.75%,"236,500 ","2,365 ",2019/04/19,2.80%,顧客取引のヘッジポジションを含む場合がある,,,,,,,,,,,
,2019/04/25,2479 ,ジェイテック　普通株式,JTEC CORPORATION,モルガン・スタンレーMUFG証券株式会社,東京都千代田区大手町一丁目９番７号大手町フィナンシャルシティサウスタワー,,,,0.56%,"48,700 ",487 ,2019/04/24,0.69%,,,,,,,,,,,,
,2019/04/24,2489 ,アドウェイズ　普通株式,Adways Inc.,GOLDMAN SACHS INTERNATIONAL,Peterborough Court 133 Fleet Street London,,,,1.02%,"425,900 ","4,259 ",2019/04/23,0.96%,顧客取引に係るヘッジポジションも含む,,,,,,,,,,,
,2019/04/24,2489 ,アドウェイズ　普通株式,Adways Inc.,Integrated Core Strategies (Asia) Pte. Ltd.,"80 Raffles Place, #14-20 UOB Plaza 2, Singapore 048624",,,,1.05%,"439,500 ","4,395 ",2019/03/19,0.90%,,,,,,,,,,,,
,2019/04/24,2489 ,アドウェイズ　普通株式,Adways Inc.,Nomura International plc,"1 Angel Lane, London, EC4R 3AB, United Kingdom",,,,1.09%,"457,300 ","4,573 ",2019/04/22,1.10%,,,,,,,,,,,,
,2019/04/25,2497 ,ユナイテッド　普通株式,"UNITED,Inc.",モルガン・スタンレーMUFG証券株式会社,東京都千代田区大手町一丁目９番７号大手町フィナンシャルシティサウスタワー,,,,0.62%,"147,649 ","1,476 ",2019/04/24,0.58%,,,,,,,,,,,,
,2019/04/24,2651 ,ローソン　普通株式,"Lawson,Inc.",MERRILL LYNCH INTERNATIONAL,"2 KING EDWARD STREET, LONDON, EC1A 1HQ",,,,0.66%,"666,442 ","6,664 ",2019/04/23,0.67%,,,,,,,,,,,,
,2019/04/24,2667 ,イメージ　ワン　普通株式,"ImageONE Co.,Ltd.",Credit Suisse Securities (Europe) Limited,"One Cabot Square, London E14 4QJ, United Kingdom ",,,,1.25%,"83,700 ",837 ,2019/04/23,1.33%,SUBSEQUENT,,,,,,,,,,,
,2019/04/24,2667 ,イメージ　ワン　普通株式,"ImageONE Co.,Ltd.","Deutsche Bank Aktiengesellschaft, London 　ドイツ銀行ロンドン支店","Winchester House, 1 Great Winchester Street, London EC2N 2DB, England, UK　
  英国ロンドン市 EC2N 2DB、グレート・ウィンチェスター・ストリート 1、ウィンチェスター ハウス",,,,1.14%,"76,300 ",763 ,2019/04/22,1.04%,顧客取引のヘッジポジションを含む場合がある,,,,,,,,,,,
,2019/04/24,2667 ,イメージ　ワン　普通株式,"ImageONE Co.,Ltd.",JPM Securities Japan Co Ltd.,"TOKYO BUILDING,7-3, MARUNOUCHI 2-CHOME, CHIYODA-KU, TOKYO, 1006432, JAPAN",,,,4.45%,"297,600 ","2,976 ",2019/04/22,4.31%,,,,,,,,,,,,
,2019/04/24,2667 ,イメージ　ワン　普通株式,"ImageONE Co.,Ltd.",Nomura International plc,"1 Angel Lane, London, EC4R 3AB, United Kingdom",,,,0.99%,"66,200 ",662 ,2019/04/23,1.41%,,,,,,,,,,,,
,2019/04/25,2667 ,イメージ　ワン　普通株式,"ImageONE Co.,Ltd.",モルガン・スタンレーMUFG証券株式会社,東京都千代田区大手町一丁目９番７号大手町フィナンシャルシティサウスタワー,,,,3.06%,"205,000 ","2,050 ",2019/04/24,3.11%,,,,,,,,,,,,
,2019/04/24,2693 ,ＹＫＴ　普通株式,YKT CORPORATION,Barclays Capital Securities Ltd,"5 The North Colonnade, Canary Wharf
London E14 4BB, United Kingdom",,,,0.91%,"108,500 ","1,085 ",2019/04/16,0.82%,,,,,,,,,,,,
,2019/04/24,2801 ,キッコーマン　普通株式,KIKKOMAN CORPORATION,GOLDMAN SACHS INTERNATIONAL,Peterborough Court 133 Fleet Street London,,,,0.51%,"993,015 ","9,930 ",2019/04/01,0.48%,顧客取引に係るヘッジポジションも含む,,,,,,,,,,,
,2019/04/25,2884 ,ヨシムラ・フード・ホールディングス　普通株式,Yoshimura Food Holdings K.K.,モルガン・スタンレーMUFG証券株式会社,東京都千代田区大手町一丁目９番７号大手町フィナンシャルシティサウスタワー,,,,0.78%,"172,055 ","1,720 ",2019/04/24,0.82%,,,,,,,,,,,,
,2019/04/25,2884 ,ヨシムラ・フード・ホールディングス　普通株式,Yoshimura Food Holdings K.K.,三井住友DSアセットマネジメント株式会社,東京都港区愛宕二丁目5番1号 愛宕グリーンヒルズMORIタワー 28階,,,国内株式ロングショート・マザーファンド,0.70%,"154,700 ","1,547 ",2019/04/24,0.53%,,,,,,,,,,,,
,2019/04/24,2930 ,北の達人コーポレーション　普通株式,Kitanotatsujin Corporation,GOLDMAN SACHS INTERNATIONAL,Peterborough Court 133 Fleet Street London,,,,0.82%,"1,169,300 ","11,693 ",2019/04/19,0.96%,顧客取引に係るヘッジポジションも含む,,,,,,,,,,,
,2019/04/24,2931 ,ユーグレナ　普通株式,"euglena Co.,Ltd.",GOLDMAN SACHS INTERNATIONAL,Peterborough Court 133 Fleet Street London,,,,1.59%,"1,459,885 ","14,598 ",2019/04/10,1.69%,顧客取引に係るヘッジポジションも含む,,,,,,,,,,,
,2019/04/24,3021 ,パシフィックネット　普通株式,"Pacific Net Co.,Ltd.",Nomura International plc,"1 Angel Lane, London, EC4R 3AB, United Kingdom",,,,0.46%,"24,200 ",242 ,2019/04/12,0.58%,,,,,,,,,,,,
,2019/04/25,3064 ,ＭｏｎｏｔａＲＯ　普通株式,"MonotaRO Co.,Ltd.",モルガン・スタンレーMUFG証券株式会社,東京都千代田区大手町一丁目９番７号大手町フィナンシャルシティサウスタワー,,,,0.71%,"1,794,614 ","17,946 ",2019/04/22,0.67%,,,,,,,,,,,,
,2019/04/24,3092 ,ＺＯＺＯ　普通株式,"ZOZO,Inc.",Credit Suisse Securities (Europe) Limited,"One Cabot Square, London E14 4QJ, United Kingdom ",,,,0.50%,"1,586,583 ","15,865 ",2019/04/22,0.44%,SUBSEQUENT,,,,,,,,,,,
,2019/04/25,3092 ,ＺＯＺＯ　普通株式,"ZOZO,Inc.",モルガン・スタンレーMUFG証券株式会社,東京都千代田区大手町一丁目９番７号大手町フィナンシャルシティサウスタワー,,,,1.00%,"3,122,249 ","31,222 ",2019/04/24,0.99%,,,,,,,,,,,,
,2019/04/25,3139 ,ラクト・ジャパン　普通株式,"Lacto Japan Co.,Ltd.",モルガン・スタンレーMUFG証券株式会社,東京都千代田区大手町一丁目９番７号大手町フィナンシャルシティサウスタワー,,,,1.29%,"63,814 ",638 ,2019/04/24,1.30%,,,,,,,,,,,,
,2019/04/24,3182 ,オイシックス・ラ・大地　普通株式,Oisix ra daichi Inc.,MERRILL LYNCH INTERNATIONAL,"2 KING EDWARD STREET, LONDON, EC1A 1HQ",,,,0.59%,"199,500 ","1,995 ",2019/04/19,0.60%,,,,,,,,,,,,
,2019/04/24,3267 ,フィル・カンパニー　普通株式,"Phil Company,Inc.","Deutsche Bank Aktiengesellschaft, London 　ドイツ銀行ロンドン支店","Winchester House, 1 Great Winchester Street, London EC2N 2DB, England, UK　
  英国ロンドン市 EC2N 2DB、グレート・ウィンチェスター・ストリート 1、ウィンチェスター ハウス",,,,1.60%,"88,800 ",888 ,2019/04/23,1.54%,顧客取引のヘッジポジションを含む場合がある,,,,,,,,,,,
,2019/04/24,3276 ,日本管理センター　普通株式,"Japan Property Management Center Co.,Ltd.",野村證券株式会社,東京都中央区日本橋一丁目９番１号,,,,0.49%,"94,119 ",941 ,2019/04/23,0.50%,,,,,,,,,,,,
,2019/04/24,3284 ,フージャースホールディングス　普通株式,Hoosiers Holdings,JPM Securities Japan Co Ltd.,"TOKYO BUILDING,7-3, MARUNOUCHI 2-CHOME, CHIYODA-KU, TOKYO, 1006432, JAPAN",,,,0.89%,"517,129 ","5,171 ",2019/04/03,0.91%,,,,,,,,,,,,
,2019/04/24,3284 ,フージャースホールディングス　普通株式,Hoosiers Holdings,野村證券株式会社,東京都中央区日本橋一丁目９番１号,,,,2.28%,"1,317,578 ","13,175 ",2019/04/10,2.39%,,,,,,,,,,,,
,2019/04/24,3300 ,ＡＭＢＩＴＩＯＮ　普通株式,AMBITION CORPORATION,"Deutsche Bank Aktiengesellschaft, London 　ドイツ銀行ロンドン支店","Winchester House, 1 Great Winchester Street, London EC2N 2DB, England, UK　
  英国ロンドン市 EC2N 2DB、グレート・ウィンチェスター・ストリート 1、ウィンチェスター ハウス",,,,1.07%,"73,000 ",730 ,2019/04/22,1.10%,顧客取引のヘッジポジションを含む場合がある,,,,,,,,,,,
,2019/04/24,3356 ,テリロジー　普通株式,"Terilogy Co.,Ltd.",Nomura Asset Management Singapore Limited,"10 Marina Boulevard, Marina Bay Financial Centre Tower 2, #33-03, Singapore 018983",Global Funds Trust Company,"PO Box 309, Ugland House, Grand Cayman, KY1-1104, Cayman Islands",,2.92%,"469,500 ","4,695 ",2019/03/20,3.07%,,,,,,,,,,,,
,2019/04/24,3356 ,テリロジー　普通株式,"Terilogy Co.,Ltd.",Nomura International plc,"1 Angel Lane, London, EC4R 3AB, United Kingdom",,,,1.03%,"165,600 ","1,656 ",2019/04/16,0.99%,,,,,,,,,,,,
,2019/04/24,3469 ,デュアルタップ　普通株式,"Dualtap Co.,Ltd.","Deutsche Bank Aktiengesellschaft, London 　ドイツ銀行ロンドン支店","Winchester House, 1 Great Winchester Street, London EC2N 2DB, England, UK　
  英国ロンドン市 EC2N 2DB、グレート・ウィンチェスター・ストリート 1、ウィンチェスター ハウス",,,,1.28%,"44,200 ",442 ,2019/04/23,1.10%,顧客取引のヘッジポジションを含む場合がある,,,,,,,,,,,
,2019/04/25,3469 ,デュアルタップ　普通株式,"Dualtap Co.,Ltd.",モルガン・スタンレーMUFG証券株式会社,東京都千代田区大手町一丁目９番７号大手町フィナンシャルシティサウスタワー,,,,1.21%,"41,700 ",417 ,2019/04/24,1.15%,,,,,,,,,,,,
,2019/04/24,3528 ,プロスペクト　普通株式,"Prospect Co.,Ltd.","Deutsche Bank Aktiengesellschaft, London 　ドイツ銀行ロンドン支店","Winchester House, 1 Great Winchester Street, London EC2N 2DB, England, UK　
  英国ロンドン市 EC2N 2DB、グレート・ウィンチェスター・ストリート 1、ウィンチェスター ハウス",,,,0.69%,"3,129,500 ","31,295 ",2019/04/04,0.71%,顧客取引のヘッジポジションを含む場合がある,,,,,,,,,,,
,2019/04/24,3652 ,ディジタルメディアプロフェッショナル　普通株式,Digital Media Professionals Inc.,Nomura International plc,"1 Angel Lane, London, EC4R 3AB, United Kingdom",,,,0.55%,"15,700 ",157 ,2019/04/23,0.46%,,,,,,,,,,,,
,2019/04/24,3656 ,ＫＬａｂ　普通株式,KLab Inc.,GOLDMAN SACHS INTERNATIONAL,Peterborough Court 133 Fleet Street London,,,,2.50%,"946,200 ","9,462 ",2019/04/22,2.47%,顧客取引に係るヘッジポジションも含む,,,,,,,,,,,
,2019/04/24,3656 ,ＫＬａｂ　普通株式,KLab Inc.,JPM Securities Japan Co Ltd.,"TOKYO BUILDING,7-3, MARUNOUCHI 2-CHOME, CHIYODA-KU, TOKYO, 1006432, JAPAN",,,,2.67%,"1,009,950 ","10,099 ",2019/04/23,2.74%,,,,,,,,,,,,
,2019/04/24,3656 ,ＫＬａｂ　普通株式,KLab Inc.,MERRILL LYNCH INTERNATIONAL,"2 KING EDWARD STREET, LONDON, EC1A 1HQ",,,,1.28%,"486,828 ","4,868 ",2019/04/23,1.30%,,,,,,,,,,,,
,2019/04/24,3656 ,ＫＬａｂ　普通株式,KLab Inc.,Nomura International plc,"1 Angel Lane, London, EC4R 3AB, United Kingdom",,,,1.88%,"712,200 ","7,122 ",2019/04/19,1.96%,,,,,,,,,,,,
,2019/04/25,3656 ,ＫＬａｂ　普通株式,KLab Inc.,モルガン・スタンレーMUFG証券株式会社,東京都千代田区大手町一丁目９番７号大手町フィナンシャルシティサウスタワー,,,,4.89%,"1,846,956 ","18,469 ",2019/04/23,4.27%,,,,,,,,,,,,
,2019/04/24,3661 ,エムアップ　普通株式,"m-up,Inc.","Deutsche Bank Aktiengesellschaft, London 　ドイツ銀行ロンドン支店","Winchester House, 1 Great Winchester Street, London EC2N 2DB, England, UK　
  英国ロンドン市 EC2N 2DB、グレート・ウィンチェスター・ストリート 1、ウィンチェスター ハウス",,,,0.98%,"88,500 ",885 ,2019/04/23,1.09%,顧客取引のヘッジポジションを含む場合がある,,,,,,,,,,,
,2019/04/24,3661 ,エムアップ　普通株式,"m-up,Inc.",GOLDMAN SACHS INTERNATIONAL,Peterborough Court 133 Fleet Street London,,,,2.00%,"180,800 ","1,808 ",2019/04/19,1.94%,顧客取引に係るヘッジポジションも含む,,,,,,,,,,,
,2019/04/24,3668 ,コロプラ　普通株式,"COLOPL,Inc.",GOLDMAN SACHS INTERNATIONAL,Peterborough Court 133 Fleet Street London,,,,0.57%,"745,112 ","7,451 ",2019/04/22,0.67%,顧客取引に係るヘッジポジションも含む,,,,,,,,,,,
,2019/04/24,3672 ,オルトプラス　普通株式,AltPlusInc.,Credit Suisse Securities (Europe) Limited,"One Cabot Square, London E14 4QJ, United Kingdom ",,,,0.48%,"67,700 ",677 ,2019/04/23,0.50%,SUBSEQUENT,,,,,,,,,,,
,2019/04/24,3674 ,オークファン　普通株式,"Aucfan Co.,Ltd.",Barclays Capital Securities Ltd,"5 The North Colonnade, Canary Wharf
London E14 4BB, United Kingdom",,,,0.79%,"83,700 ",837 ,2019/04/02,0.80%,,,,,,,,,,,,
,2019/04/24,3680 ,ホットリンク　普通株式,Hotto Link Inc.,"Deutsche Bank Aktiengesellschaft, London 　ドイツ銀行ロンドン支店","Winchester House, 1 Great Winchester Street, London EC2N 2DB, England, UK　
  英国ロンドン市 EC2N 2DB、グレート・ウィンチェスター・ストリート 1、ウィンチェスター ハウス",,,,1.07%,"168,900 ","1,689 ",2019/04/23,1.13%,顧客取引のヘッジポジションを含む場合がある,,,,,,,,,,,
,2019/04/24,3680 ,ホットリンク　普通株式,Hotto Link Inc.,JPM Securities Japan Co Ltd.,"TOKYO BUILDING,7-3, MARUNOUCHI 2-CHOME, CHIYODA-KU, TOKYO, 1006432, JAPAN",,,,3.80%,"595,900 ","5,959 ",2019/04/22,3.70%,,,,,,,,,,,,
,2019/04/24,3680 ,ホットリンク　普通株式,Hotto Link Inc.,Nomura International plc,"1 Angel Lane, London, EC4R 3AB, United Kingdom",,,,0.45%,"71,000 ",710 ,2019/04/22,0.60%,,,,,,,,,,,,
,2019/04/24,3682 ,エンカレッジ・テクノロジ　普通株式,"Encourage Technologies Co.,Ltd.",GOLDMAN SACHS INTERNATIONAL,Peterborough Court 133 Fleet Street London,,,,1.15%,"80,000 ",800 ,2019/04/08,1.29%,顧客取引に係るヘッジポジションも含む,,,,,,,,,,,
,2019/04/25,3686 ,ディー・エル・イー　普通株式,DLE Inc.,モルガン・スタンレーMUFG証券株式会社,東京都千代田区大手町一丁目９番７号大手町フィナンシャルシティサウスタワー,,,,0.51%,"104,900 ","1,049 ",2019/04/18,0.43%,,,,,,,,,,,,
,2019/04/24,3687 ,フィックスターズ　普通株式,Fixstars Corporation,Credit Suisse Securities (Europe) Limited,"One Cabot Square, London E14 4QJ, United Kingdom ",,,,1.09%,"367,700 ","3,677 ",2019/04/11,1.10%,SUBSEQUENT,,,,,,,,,,,
,2019/04/24,3692 ,ＦＦＲＩ　普通株式,"FFRI,Inc.",Nomura International plc,"1 Angel Lane, London, EC4R 3AB, United Kingdom",,,,1.00%,"82,700 ",827 ,2019/04/19,0.98%,,,,,,,,,,,,
,2019/04/25,3694 ,オプティム　普通株式,OPTiM CORPORATION,モルガン・スタンレーMUFG証券株式会社,東京都千代田区大手町一丁目９番７号大手町フィナンシャルシティサウスタワー,,,,0.50%,"139,880 ","1,398 ",2019/04/16,0.42%,,,,,,,,,,,,
,2019/04/24,3696 ,セレス　普通株式,CERES INC.,Nomura International plc,"1 Angel Lane, London, EC4R 3AB, United Kingdom",,,,0.19%,"22,200 ",222 ,2019/04/19,0.60%,Below the threshold,,,,,,,,,,,
,2019/04/24,3698 ,ＣＲＩ・ミドルウェア　普通株式,"CRI Middleware Co.,Ltd.",Credit Suisse Securities (Europe) Limited,"One Cabot Square, London E14 4QJ, United Kingdom ",,,,0.98%,"50,000 ",500 ,2019/04/23,1.10%,SUBSEQUENT,,,,,,,,,,,
,2019/04/24,3719 ,ジェクシード　普通株式,"GEXEED CO.,LTD.",OXAM QUANT FUND LIMITED,"HARBOUR PLACE, PO BOX 472, GRAND CAYMAN",OXFORD ASSET MANAGEMENT,"OXAM HOUSE, 6 GEORGE STREET, OXFORD, OX1 2BW, UK",OXAM QUANT FUND LIMITED,0.55%,"102,200 ","1,022 ",2019/04/23,0.55%,,,,,,,,,,,,
,2019/04/24,3719 ,ジェクシード　普通株式,"GEXEED CO.,LTD.",UBS AG,"Bahnhofstrasse 45, 8001 Zurich, Switzerland",,,,0.67%,"125,600 ","1,256 ",2019/04/19,0.81%,,,,,,,,,,,,
,2019/04/24,3758 ,アエリア　普通株式,Aeria Inc.,Citigroup Global Markets Limited,"Citigroup Centre, Canada Square, Canary Wharf, London E14 5LB , UK",,,,0.40%,"95,900 ",959 ,2019/04/12,0.72%,,,,,,,,,,,,
,2019/04/24,3758 ,アエリア　普通株式,Aeria Inc.,Nomura International plc,"1 Angel Lane, London, EC4R 3AB, United Kingdom",,,,0.70%,"166,400 ","1,664 ",2019/04/22,0.63%,,,,,,,,,,,,
,2019/04/24,3760 ,ケイブ　普通株式,"CAVE Interactive CO.,LTD.",MERRILL LYNCH INTERNATIONAL,"2 KING EDWARD STREET, LONDON, EC1A 1HQ",,,,0.59%,"23,100 ",231 ,2019/04/23,0.63%,,,,,,,,,,,,
,2019/04/24,3769 ,ＧＭＯペイメントゲートウェイ　普通株式,"GMO Payment Gateway,Inc.",MERRILL LYNCH INTERNATIONAL,"2 KING EDWARD STREET, LONDON, EC1A 1HQ",,,,0.60%,"449,154 ","4,491 ",2019/04/22,0.62%,,,,,,,,,,,,
,2019/04/24,3776 ,ブロードバンドタワー　普通株式,"BroadBand Tower,Inc.",Citigroup Global Markets Limited,"Citigroup Centre, Canada Square, Canary Wharf, London E14 5LB , UK",,,,4.64%,"2,484,000 ","24,840 ",2019/04/22,4.74%,,,,,,,,,,,,
,2019/04/24,3776 ,ブロードバンドタワー　普通株式,"BroadBand Tower,Inc.","Deutsche Bank Aktiengesellschaft, London 　ドイツ銀行ロンドン支店","Winchester House, 1 Great Winchester Street, London EC2N 2DB, England, UK　
  英国ロンドン市 EC2N 2DB、グレート・ウィンチェスター・ストリート 1、ウィンチェスター ハウス",,,,2.06%,"1,104,500 ","11,045 ",2019/04/17,2.13%,顧客取引のヘッジポジションを含む場合がある,,,,,,,,,,,
,2019/04/24,3776 ,ブロードバンドタワー　普通株式,"BroadBand Tower,Inc.",Nomura International plc,"1 Angel Lane, London, EC4R 3AB, United Kingdom",,,,1.18%,"633,800 ","6,338 ",2019/04/19,1.28%,,,,,,,,,,,,
,2019/04/24,3784 ,ヴィンクス　普通株式,VINX CORP.,GOLDMAN SACHS INTERNATIONAL,Peterborough Court 133 Fleet Street London,,,,0.79%,"140,671 ","1,406 ",2019/04/17,0.97%,顧客取引に係るヘッジポジションも含む,,,,,,,,,,,
,2019/04/24,3807 ,フィスコ　普通株式,FISCO Ltd.,MERRILL LYNCH INTERNATIONAL,"2 KING EDWARD STREET, LONDON, EC1A 1HQ",,,,0.55%,"211,400 ","2,114 ",2019/04/23,0.54%,,,,,,,,,,,,
,2019/04/24,3810 ,サイバーステップ　普通株式,"CyberStep,Inc.",MERRILL LYNCH INTERNATIONAL,"2 KING EDWARD STREET, LONDON, EC1A 1HQ",,,,0.86%,"58,600 ",586 ,2019/04/23,0.88%,,,,,,,,,,,,
,2019/04/24,3823 ,アクロディア　普通株式,"Acrodea,Inc.",Barclays Capital Securities Ltd,"5 The North Colonnade, Canary Wharf
London E14 4BB, United Kingdom",,,,0.69%,"168,900 ","1,689 ",2019/04/16,0.71%,,,,,,,,,,,,
,2019/04/24,3823 ,アクロディア　普通株式,"Acrodea,Inc.",Credit Suisse Securities (Europe) Limited,"One Cabot Square, London E14 4QJ, United Kingdom ",,,,0.49%,"119,200 ","1,192 ",2019/04/23,0.60%,SUBSEQUENT,,,,,,,,,,,
,2019/04/24,3825 ,リミックスポイント　普通株式,"Remixpoint,inc.",Credit Suisse Securities (Europe) Limited,"One Cabot Square, London E14 4QJ, United Kingdom ",,,,0.57%,"327,800 ","3,278 ",2019/04/23,0.47%,SUBSEQUENT,,,,,,,,,,,
,2019/04/24,3825 ,リミックスポイント　普通株式,"Remixpoint,inc.",MERRILL LYNCH INTERNATIONAL,"2 KING EDWARD STREET, LONDON, EC1A 1HQ",,,,0.47%,"271,830 ","2,718 ",2019/04/23,0.54%,,,,,,,,,,,,
,2019/04/24,3825 ,リミックスポイント　普通株式,"Remixpoint,inc.",Nomura International plc,"1 Angel Lane, London, EC4R 3AB, United Kingdom",,,,0.54%,"309,200 ","3,092 ",2019/04/22,0.49%,,,,,,,,,,,,
,2019/04/24,3826 ,システムインテグレータ　普通株式,System Integrator Corp.,JPM Securities Japan Co Ltd.,"TOKYO BUILDING,7-3, MARUNOUCHI 2-CHOME, CHIYODA-KU, TOKYO, 1006432, JAPAN",,,,2.13%,"237,000 ","2,370 ",2019/04/18,2.06%,,,,,,,,,,,,
,2019/04/25,3826 ,システムインテグレータ　普通株式,System Integrator Corp.,モルガン・スタンレーMUFG証券株式会社,東京都千代田区大手町一丁目９番７号大手町フィナンシャルシティサウスタワー,,,,0.59%,"65,998 ",659 ,2019/04/23,0.63%,,,,,,,,,,,,
,2019/04/24,3900 ,クラウドワークス　普通株式,CrowdWorks Inc.,Citigroup Global Markets Limited,"Citigroup Centre, Canada Square, Canary Wharf, London E14 5LB , UK",,,,0.59%,"89,100 ",891 ,2019/04/22,0.65%,,,,,,,,,,,,
,2019/04/24,3905 ,データセクション　普通株式,Datasection Inc.,OXAM QUANT FUND LIMITED,"HARBOUR PLACE, PO BOX 472, GRAND CAYMAN",OXFORD ASSET MANAGEMENT,"OXAM HOUSE, 6 GEORGE STREET, OXFORD, OX1 2BW, UK",OXAM QUANT FUND LIMITED,0.73%,"87,200 ",872 ,2019/04/23,0.73%,,,,,,,,,,,,
,2019/04/24,3906 ,ＡＬＢＥＲＴ　普通株式,ALBERT Inc.,Credit Suisse Securities (Europe) Limited,"One Cabot Square, London E14 4QJ, United Kingdom ",,,,0.66%,"21,700 ",217 ,2019/04/22,0.58%,SUBSEQUENT,,,,,,,,,,,
,2019/04/24,3907 ,シリコンスタジオ　普通株式,Silicon Studio Corp.,GOLDMAN SACHS INTERNATIONAL,Peterborough Court 133 Fleet Street London,,,,1.54%,"45,040 ",450 ,2019/04/23,1.44%,顧客取引に係るヘッジポジションも含む,,,,,,,,,,,
,2019/04/25,3907 ,シリコンスタジオ　普通株式,Silicon Studio Corp.,モルガン・スタンレーMUFG証券株式会社,東京都千代田区大手町一丁目９番７号大手町フィナンシャルシティサウスタワー,,,,0.59%,"17,400 ",174 ,2019/04/24,0.68%,,,,,,,,,,,,
,2019/04/24,3909 ,ショーケース　普通株式,Showcase Inc.,Citigroup Global Markets Limited,"Citigroup Centre, Canada Square, Canary Wharf, London E14 5LB , UK",,,,2.31%,"156,900 ","1,569 ",2019/04/19,2.48%,,,,,,,,,,,,
,2019/04/24,3912 ,モバイルファクトリー　普通株式,"Mobile Factory,Inc.",UBS AG,"Bahnhofstrasse 45, 8001 Zurich, Switzerland",,,,0.34%,"33,700 ",337 ,2019/04/23,0.66%,,,,,,,,,,,,
,2019/04/24,3914 ,ＪＩＧ－ＳＡＷ　普通株式,JIG-SAW INC.,MERRILL LYNCH INTERNATIONAL,"2 KING EDWARD STREET, LONDON, EC1A 1HQ",,,,0.63%,"42,000 ",420 ,2019/04/23,0.62%,,,,,,,,,,,,
,2019/04/24,3927 ,フーバーブレイン　普通株式,Fuva Brain Limited,OXAM QUANT FUND LIMITED,"HARBOUR PLACE, PO BOX 472, GRAND CAYMAN",OXFORD ASSET MANAGEMENT,"OXAM HOUSE, 6 GEORGE STREET, OXFORD, OX1 2BW, UK",OXAM QUANT FUND LIMITED,0.52%,"23,500 ",235 ,2019/04/23,0.52%,,,,,,,,,,,,
,2019/04/24,3967 ,エルテス　普通株式,"Eltes Co.,Ltd.",OXAM QUANT FUND LIMITED,"HARBOUR PLACE, PO BOX 472, GRAND CAYMAN",OXFORD ASSET MANAGEMENT,"OXAM HOUSE, 6 GEORGE STREET, OXFORD, OX1 2BW, UK",OXAM QUANT FUND LIMITED,0.53%,"27,300 ",273 ,2019/04/23,0.53%,,,,,,,,,,,,
,2019/04/24,3987 ,エコモット　普通株式,Ecomott Inc.,"Deutsche Bank Aktiengesellschaft, London 　ドイツ銀行ロンドン支店","Winchester House, 1 Great Winchester Street, London EC2N 2DB, England, UK　
  英国ロンドン市 EC2N 2DB、グレート・ウィンチェスター・ストリート 1、ウィンチェスター ハウス",,,,0.68%,"34,400 ",344 ,2019/04/23,0.73%,顧客取引のヘッジポジションを含む場合がある,,,,,,,,,,,
,2019/04/24,3987 ,エコモット　普通株式,Ecomott Inc.,GOLDMAN SACHS INTERNATIONAL,Peterborough Court 133 Fleet Street London,,,,0.83%,"42,200 ",422 ,2019/04/22,0.74%,顧客取引に係るヘッジポジションも含む,,,,,,,,,,,
,2019/04/24,3987 ,エコモット　普通株式,Ecomott Inc.,MERRILL LYNCH INTERNATIONAL,"2 KING EDWARD STREET, LONDON, EC1A 1HQ",,,,0.62%,"31,300 ",313 ,2019/04/22,0.57%,,,,,,,,,,,,
,2019/04/24,3989 ,シェアリングテクノロジー　普通株式,SHARINGTECHNOLOGY.INC,UBS AG,"Bahnhofstrasse 45, 8001 Zurich, Switzerland",,,,1.08%,"199,400 ","1,994 ",2019/03/19,1.18%,,,,,,,,,,,,
,2019/04/24,3990 ,ＵＵＵＭ　普通株式,"UUUM co.,ltd",Nomura International plc,"1 Angel Lane, London, EC4R 3AB, United Kingdom",,,,0.58%,"110,400 ","1,104 ",2019/04/22,0.61%,,,,,,,,,,,,
,2019/04/24,3995 ,ＳＫＩＹＡＫＩ　普通株式,SKIYAKI Inc.,Credit Suisse Securities (Europe) Limited,"One Cabot Square, London E14 4QJ, United Kingdom ",,,,0.46%,"48,800 ",488 ,2019/04/22,0.53%,SUBSEQUENT,,,,,,,,,,,
,2019/04/24,3998 ,すららネット　普通株式,"SuRaLa Net Co.,Ltd.",UBS AG,"Bahnhofstrasse 45, 8001 Zurich, Switzerland",,,,0.59%,"7,500 ",75 ,2019/04/01,0.60%,,,,,,,,,,,,
,2019/04/25,3998 ,すららネット　普通株式,"SuRaLa Net Co.,Ltd.",モルガン・スタンレーMUFG証券株式会社,東京都千代田区大手町一丁目９番７号大手町フィナンシャルシティサウスタワー,,,,0.59%,"7,600 ",76 ,2019/04/24,0.61%,,,,,,,,,,,,
,2019/04/25,4004 ,昭和電工　普通株式,Showa Denko K.K.,モルガン・スタンレーMUFG証券株式会社,東京都千代田区大手町一丁目９番７号大手町フィナンシャルシティサウスタワー,,,,2.57%,"3,853,124 ","38,531 ",2019/04/15,2.49%,,,,,,,,,,,,
,2019/04/24,4022 ,ラサ工業　普通株式,"Rasa Industries,Ltd.","Deutsche Bank Aktiengesellschaft, London 　ドイツ銀行ロンドン支店","Winchester House, 1 Great Winchester Street, London EC2N 2DB, England, UK　
  英国ロンドン市 EC2N 2DB、グレート・ウィンチェスター・ストリート 1、ウィンチェスター ハウス",,,,2.47%,"197,001 ","1,970 ",2019/04/23,2.62%,顧客取引のヘッジポジションを含む場合がある,,,,,,,,,,,
,2019/04/24,4046 ,大阪ソーダ　普通株式,"OSAKA SODA CO.,LTD.",Nomura International plc,"1 Angel Lane, London, EC4R 3AB, United Kingdom",,,,0.51%,"133,251 ","1,332 ",2019/04/23,0.49%,,,,,,,,,,,,
,2019/04/24,4062 ,イビデン　普通株式,"IBIDEN CO.,LTD.",GOLDMAN SACHS INTERNATIONAL,Peterborough Court 133 Fleet Street London,,,,0.59%,"844,008 ","8,440 ",2019/04/01,0.69%,顧客取引に係るヘッジポジションも含む,,,,,,,,,,,
,2019/04/24,4344 ,ソースネクスト　普通株式,SOURCENEXT CORPORATION,野村證券株式会社,東京都中央区日本橋一丁目９番１号,,,,5.87%,"8,001,484 ","80,014 ",2019/04/03,5.90%,,,,,,,,,,,,
,2019/04/25,4344 ,ソースネクスト　普通株式,SOURCENEXT CORPORATION,モルガン・スタンレーMUFG証券株式会社,東京都千代田区大手町一丁目９番７号大手町フィナンシャルシティサウスタワー,,,,0.95%,"1,294,379 ","12,943 ",2019/04/24,1.08%,,,,,,,,,,,,
,2019/04/24,4347 ,ブロードメディア　普通株式,Broadmedia Corporation,Nomura International plc,"1 Angel Lane, London, EC4R 3AB, United Kingdom",,,,1.32%,"1,049,800 ","10,498 ",2019/04/19,1.28%,,,,,,,,,,,,
,2019/04/25,4390 ,ＩＰＳ　普通株式,"IPS,Inc.",モルガン・スタンレーMUFG証券株式会社,東京都千代田区大手町一丁目９番７号大手町フィナンシャルシティサウスタワー,,,,0.80%,"98,700 ",987 ,2019/04/24,0.75%,,,,,,,,,,,,
,2019/04/24,4393 ,バンク・オブ・イノベーション　普通株式,"Bank of Innovation,Inc.",Credit Suisse Securities (Europe) Limited,"One Cabot Square, London E14 4QJ, United Kingdom ",,,,0.42%,"16,700 ",167 ,2019/04/22,0.53%,SUBSEQUENT,,,,,,,,,,,
,2019/04/24,4393 ,バンク・オブ・イノベーション　普通株式,"Bank of Innovation,Inc.","Deutsche Bank Aktiengesellschaft, London 　ドイツ銀行ロンドン支店","Winchester House, 1 Great Winchester Street, London EC2N 2DB, England, UK　
  英国ロンドン市 EC2N 2DB、グレート・ウィンチェスター・ストリート 1、ウィンチェスター ハウス",,,,0.45%,"17,800 ",178 ,2019/04/23,0.50%,顧客取引のヘッジポジションを含む場合がある,,,,,,,,,,,
,2019/04/25,4397 ,チームスピリット　普通株式,TeamSpirit Inc.,三井住友DSアセットマネジメント株式会社,東京都港区愛宕二丁目5番1号 愛宕グリーンヒルズMORIタワー 28階,,,国内株式ロングショート・マザーファンド,0.50%,"39,800 ",398 ,2019/04/23,0.49%,,,,,,,,,,,,
,2019/04/24,4424 ,Ａｍａｚｉａ　普通株式,"Amazia,inc.",GOLDMAN SACHS INTERNATIONAL,Peterborough Court 133 Fleet Street London,,,,0.79%,"26,400 ",264 ,2019/04/23,0.81%,顧客取引に係るヘッジポジションも含む,,,,,,,,,,,
,2019/04/24,4428 ,シノプス　普通株式,sinops Inc.,GOLDMAN SACHS INTERNATIONAL,Peterborough Court 133 Fleet Street London,,,,0.31%,"3,800 ",38 ,2019/04/04,0.92%,顧客取引に係るヘッジポジションも含む,,,,,,,,,,,
,2019/04/24,4434 ,サーバーワークス　普通株式,"Serverworks Co.,Ltd.",Nomura International plc,"1 Angel Lane, London, EC4R 3AB, United Kingdom",,,,0.46%,"7,800 ",78 ,2019/04/23,0.50%,,,,,,,,,,,,
,2019/04/24,4436 ,ミンカブ・ジ・インフォノイド　普通株式,"MINKABU THE INFONOID,Inc.",GOLDMAN SACHS INTERNATIONAL,Peterborough Court 133 Fleet Street London,,,,0.57%,"75,100 ",751 ,2019/04/23,0.71%,顧客取引に係るヘッジポジションも含む,,,,,,,,,,,
,2019/04/24,4563 ,アンジェス　普通株式,"AnGes,Inc.",Integrated Core Strategies (Asia) Pte. Ltd.,"80 Raffles Place, #14-20 UOB Plaza 2, Singapore 048624",,,,0.58%,"604,900 ","6,049 ",2019/04/23,0.65%,,,,,,,,,,,,
,2019/04/24,4563 ,アンジェス　普通株式,"AnGes,Inc.",Nomura International plc,"1 Angel Lane, London, EC4R 3AB, United Kingdom",,,,0.70%,"722,900 ","7,229 ",2019/04/23,0.54%,,,,,,,,,,,,
,2019/04/24,4565 ,そーせいグループ　普通株式,Sosei Group Corporation,Credit Suisse Securities (Europe) Limited,"One Cabot Square, London E14 4QJ, United Kingdom ",,,,0.89%,"685,096 ","6,850 ",2019/04/23,0.91%,SUBSEQUENT,,,,,,,,,,,
,2019/04/25,4565 ,そーせいグループ　普通株式,Sosei Group Corporation,モルガン・スタンレーMUFG証券株式会社,東京都千代田区大手町一丁目９番７号大手町フィナンシャルシティサウスタワー,,,,1.88%,"1,438,118 ","14,381 ",2019/04/23,1.70%,,,,,,,,,,,,
,2019/04/24,4570 ,免疫生物研究所　普通株式,"Immuno-Biological Laboratories Co.,Ltd.",Nomura International plc,"1 Angel Lane, London, EC4R 3AB, United Kingdom",,,,0.97%,"84,800 ",848 ,2019/04/23,1.01%,,,,,,,,,,,,
,2019/04/24,4571 ,ナノキャリア　普通株式,"NanoCarrier Co.,Ltd.",GOLDMAN SACHS INTERNATIONAL,Peterborough Court 133 Fleet Street London,,,,0.69%,"345,628 ","3,456 ",2019/04/08,0.76%,顧客取引に係るヘッジポジションも含む,,,,,,,,,,,
,2019/04/24,4571 ,ナノキャリア　普通株式,"NanoCarrier Co.,Ltd.",JPM Securities Japan Co Ltd.,"TOKYO BUILDING,7-3, MARUNOUCHI 2-CHOME, CHIYODA-KU, TOKYO, 1006432, JAPAN",,,,1.29%,"640,553 ","6,405 ",2019/04/19,1.39%,,,,,,,,,,,,
,2019/04/24,4572 ,カルナバイオサイエンス　普通株式,"Carna Biosciences,Inc.",Nomura International plc,"1 Angel Lane, London, EC4R 3AB, United Kingdom",,,,0.49%,"53,500 ",535 ,2019/04/23,0.61%,,,,,,,,,,,,
,2019/04/24,4575 ,キャンバス　普通株式,"CanBas Co.,Ltd.","Deutsche Bank Aktiengesellschaft, London 　ドイツ銀行ロンドン支店","Winchester House, 1 Great Winchester Street, London EC2N 2DB, England, UK　
  英国ロンドン市 EC2N 2DB、グレート・ウィンチェスター・ストリート 1、ウィンチェスター ハウス",,,,0.63%,"38,800 ",388 ,2019/04/23,0.70%,顧客取引のヘッジポジションを含む場合がある,,,,,,,,,,,
,2019/04/24,4575 ,キャンバス　普通株式,"CanBas Co.,Ltd.",GOLDMAN SACHS INTERNATIONAL,Peterborough Court 133 Fleet Street London,,,,1.46%,"88,900 ",889 ,2019/04/19,1.18%,顧客取引に係るヘッジポジションも含む,,,,,,,,,,,
,2019/04/24,4579 ,ラクオリア創薬　普通株式,RaQualia Pharma Inc.,"Deutsche Bank Aktiengesellschaft, London 　ドイツ銀行ロンドン支店","Winchester House, 1 Great Winchester Street, London EC2N 2DB, England, UK　
  英国ロンドン市 EC2N 2DB、グレート・ウィンチェスター・ストリート 1、ウィンチェスター ハウス",,,,1.79%,"366,878 ","3,668 ",2019/04/23,1.62%,顧客取引のヘッジポジションを含む場合がある,,,,,,,,,,,
,2019/04/24,4579 ,ラクオリア創薬　普通株式,RaQualia Pharma Inc.,JPM Securities Japan Co Ltd.,"TOKYO BUILDING,7-3, MARUNOUCHI 2-CHOME, CHIYODA-KU, TOKYO, 1006432, JAPAN",,,,2.88%,"589,107 ","5,891 ",2019/04/23,2.77%,,,,,,,,,,,,
,2019/04/24,4579 ,ラクオリア創薬　普通株式,RaQualia Pharma Inc.,Nomura International plc,"1 Angel Lane, London, EC4R 3AB, United Kingdom",,,,1.32%,"269,500 ","2,695 ",2019/04/22,1.22%,,,,,,,,,,,,
,2019/04/24,4582 ,シンバイオ製薬　普通株式,SymBio Pharmaceuticals Limited,Citigroup Global Markets Limited,"Citigroup Centre, Canada Square, Canary Wharf, London E14 5LB , UK",,,,0.93%,"838,300 ","8,383 ",2019/04/23,1.00%,,,,,,,,,,,,
,2019/04/24,4585 ,ＵＭＮファーマ　普通株式,UMN Pharma Inc.,UBS AG,"Bahnhofstrasse 45, 8001 Zurich, Switzerland",,,,1.19%,"182,100 ","1,821 ",2019/04/23,1.20%,,,,,,,,,,,,
,2019/04/24,4586 ,メドレックス　普通株式,"Medrx Co.,Ltd.",Nomura International plc,"1 Angel Lane, London, EC4R 3AB, United Kingdom",,,,1.47%,"173,800 ","1,738 ",2019/04/19,1.69%,,,,,,,,,,,,
,2019/04/25,4586 ,メドレックス　普通株式,"Medrx Co.,Ltd.",モルガン・スタンレーMUFG証券株式会社,東京都千代田区大手町一丁目９番７号大手町フィナンシャルシティサウスタワー,,,,0.64%,"71,100 ",711 ,2019/04/18,0.75%,,,,,,,,,,,,
,2019/04/24,4587 ,ペプチドリーム　普通株式,PeptiDream Inc.,GOLDMAN SACHS INTERNATIONAL,Peterborough Court 133 Fleet Street London,,,,0.54%,"670,239 ","6,702 ",2019/04/19,0.64%,顧客取引に係るヘッジポジションも含む,,,,,,,,,,,
,2019/04/24,4588 ,オンコリスバイオファーマ　普通株式,Oncolys BioPharma Inc.,GOLDMAN SACHS INTERNATIONAL,Peterborough Court 133 Fleet Street London,,,,1.40%,"188,938 ","1,889 ",2019/04/23,1.07%,顧客取引に係るヘッジポジションも含む,,,,,,,,,,,
,2019/04/25,4588 ,オンコリスバイオファーマ　普通株式,Oncolys BioPharma Inc.,モルガン・スタンレーMUFG証券株式会社,東京都千代田区大手町一丁目９番７号大手町フィナンシャルシティサウスタワー,,,,1.84%,"256,600 ","2,566 ",2019/04/23,1.92%,,,,,,,,,,,,
,2019/04/25,4592 ,サンバイオ　普通株式,SanBio Company Limited,モルガン・スタンレーMUFG証券株式会社,東京都千代田区大手町一丁目９番７号大手町フィナンシャルシティサウスタワー,,,,1.20%,"598,331 ","5,983 ",2019/04/22,1.15%,,,,,,,,,,,,
,2019/04/24,4597 ,ソレイジア・ファーマ　普通株式,Solasia Pharma K.K.,JPM Securities Japan Co Ltd.,"TOKYO BUILDING,7-3, MARUNOUCHI 2-CHOME, CHIYODA-KU, TOKYO, 1006432, JAPAN",,,,1.17%,"1,239,748 ","12,397 ",2019/04/22,1.21%,,,,,,,,,,,,
,2019/04/24,4666 ,パーク２４　普通株式,"PARK24 Co.,Ltd.",J.P. MORGAN SECURITIES PLC,25 BANK STREET CANARY WHARF LONDON E14 5JP UNITED KINGDOM REG. NO. 2711006,,,,0.00%,0 ,0 ,2019/04/16,0.58%,,,,,,,,,,,,
,2019/04/24,4666 ,パーク２４　普通株式,"PARK24 Co.,Ltd.",Nomura International plc,"1 Angel Lane, London, EC4R 3AB, United Kingdom",,,,0.49%,"766,625 ","7,666 ",2019/04/10,0.51%,,,,,,,,,,,,
,2019/04/24,4712 ,ＫｅｙＨｏｌｄｅｒ　普通株式,"KeyHolder,Inc.","Deutsche Bank Aktiengesellschaft, London 　ドイツ銀行ロンドン支店","Winchester House, 1 Great Winchester Street, London EC2N 2DB, England, UK　
  英国ロンドン市 EC2N 2DB、グレート・ウィンチェスター・ストリート 1、ウィンチェスター ハウス",,,,0.60%,"927,000 ","9,270 ",2019/04/23,0.21%,顧客取引のヘッジポジションを含む場合がある,,,,,,,,,,,
,2019/04/25,4712 ,ＫｅｙＨｏｌｄｅｒ　普通株式,"KeyHolder,Inc.",個人,,,,,1.23%,"1,900,100 ","19,001 ",,,,,,,,,,,,,,
,2019/04/24,4751 ,サイバーエージェント　普通株式,"CyberAgent,Inc.",Integrated Core Strategies (Asia) Pte. Ltd.,"80 Raffles Place, #14-20 UOB Plaza 2, Singapore 048624",,,,0.53%,"680,769 ","6,807 ",2019/04/17,0.42%,,,,,,,,,,,,
,2019/04/24,4751 ,サイバーエージェント　普通株式,"CyberAgent,Inc.",MERRILL LYNCH INTERNATIONAL,"2 KING EDWARD STREET, LONDON, EC1A 1HQ",,,,0.66%,"839,349 ","8,393 ",2019/04/22,0.69%,,,,,,,,,,,,
,2019/04/25,4751 ,サイバーエージェント　普通株式,"CyberAgent,Inc.",モルガン・スタンレーMUFG証券株式会社,東京都千代田区大手町一丁目９番７号大手町フィナンシャルシティサウスタワー,,,,0.83%,"1,054,400 ","10,544 ",2019/04/19,0.96%,,,,,,,,,,,,
,2019/04/24,4824 ,メディアシーク　普通株式,"MEDIASEEK,inc.","Deutsche Bank Aktiengesellschaft, London 　ドイツ銀行ロンドン支店","Winchester House, 1 Great Winchester Street, London EC2N 2DB, England, UK　
  英国ロンドン市 EC2N 2DB、グレート・ウィンチェスター・ストリート 1、ウィンチェスター ハウス",,,,0.46%,"45,200 ",452 ,2019/04/23,0.52%,顧客取引のヘッジポジションを含む場合がある,,,,,,,,,,,
,2019/04/24,5271 ,トーヨーアサノ　普通株式,"TOYO ASANO FOUNDATION CO.,LTD.","Deutsche Bank Aktiengesellschaft, London 　ドイツ銀行ロンドン支店","Winchester House, 1 Great Winchester Street, London EC2N 2DB, England, UK　
  英国ロンドン市 EC2N 2DB、グレート・ウィンチェスター・ストリート 1、ウィンチェスター ハウス",,,,0.80%,"11,600 ",116 ,2019/02/13,0.78%,顧客取引のヘッジポジションを含む場合がある,,,,,,,,,,,
,2019/04/24,5301 ,東海カーボン　普通株式,"TOKAI CARBON CO.,LTD.",Citigroup Global Markets Limited,"Citigroup Centre, Canada Square, Canary Wharf, London E14 5LB , UK",,,,2.14%,"4,817,500 ","48,175 ",2019/04/22,1.95%,,,,,,,,,,,,
,2019/04/24,5301 ,東海カーボン　普通株式,"TOKAI CARBON CO.,LTD.",Credit Suisse Securities (Europe) Limited,"One Cabot Square, London E14 4QJ, United Kingdom ",,,,2.22%,"5,001,958 ","50,019 ",2019/04/23,2.07%,SUBSEQUENT,,,,,,,,,,,
,2019/04/24,5301 ,東海カーボン　普通株式,"TOKAI CARBON CO.,LTD.",JPM Securities Japan Co Ltd.,"TOKYO BUILDING,7-3, MARUNOUCHI 2-CHOME, CHIYODA-KU, TOKYO, 1006432, JAPAN",,,,1.04%,"2,339,583 ","23,395 ",2019/04/23,0.90%,,,,,,,,,,,,
,2019/04/24,5301 ,東海カーボン　普通株式,"TOKAI CARBON CO.,LTD.",MERRILL LYNCH INTERNATIONAL,"2 KING EDWARD STREET, LONDON, EC1A 1HQ",,,,2.80%,"6,305,617 ","63,056 ",2019/04/23,2.78%,,,,,,,,,,,,
,2019/04/24,5301 ,東海カーボン　普通株式,"TOKAI CARBON CO.,LTD.",Nomura International plc,"1 Angel Lane, London, EC4R 3AB, United Kingdom",,,,0.74%,"1,676,099 ","16,760 ",2019/04/23,0.60%,,,,,,,,,,,,
,2019/04/25,5301 ,東海カーボン　普通株式,"TOKAI CARBON CO.,LTD.",モルガン・スタンレーMUFG証券株式会社,東京都千代田区大手町一丁目９番７号大手町フィナンシャルシティサウスタワー,,,,8.44%,"19,003,331 ","190,033 ",2019/04/24,8.15%,,,,,,,,,,,,
,2019/04/25,5301 ,東海カーボン　普通株式,"TOKAI CARBON CO.,LTD.",三菱ＵＦＪモルガン・スタンレー証券株式会社,東京都千代田区丸の内二丁目5番2号,,,,0.67%,"1,508,500 ","15,085 ",2019/04/22,0.73%,,,,,,,,,,,,
,2019/04/24,5302 ,日本カーボン　普通株式,"Nippon Carbon Co.,Ltd.",GOLDMAN SACHS INTERNATIONAL,Peterborough Court 133 Fleet Street London,,,,0.90%,"106,607 ","1,066 ",2019/04/23,0.70%,顧客取引に係るヘッジポジションも含む,,,,,,,,,,,
,2019/04/24,5302 ,日本カーボン　普通株式,"Nippon Carbon Co.,Ltd.",MERRILL LYNCH INTERNATIONAL,"2 KING EDWARD STREET, LONDON, EC1A 1HQ",,,,0.93%,"110,581 ","1,105 ",2019/04/23,0.89%,,,,,,,,,,,,
,2019/04/24,5381 ,Ｍｉｐｏｘ　普通株式,Mipox Corporation,OXAM QUANT FUND LIMITED,"HARBOUR PLACE, PO BOX 472, GRAND CAYMAN",OXFORD ASSET MANAGEMENT,"OXAM HOUSE, 6 GEORGE STREET, OXFORD, OX1 2BW, UK",OXAM QUANT FUND LIMITED,0.73%,"88,200 ",882 ,2019/04/23,0.74%,,,,,,,,,,,,
,2019/04/24,5401 ,日本製鉄　普通株式,NIPPON STEEL CORPORATION,Barclays Bank PLC,"1 Churchill Place, London, E14 5HP, United Kingdom",,,,0.89%,"8,520,947 ","85,209 ",2019/04/01,0.90%,,,,,,,,,,,,
,2019/04/24,5423 ,東京製鐵　普通株式,"TOKYO STEEL MANUFACTURING CO.,LTD.",Integrated Core Strategies (Asia) Pte. Ltd.,"80 Raffles Place, #14-20 UOB Plaza 2, Singapore 048624",,,,0.78%,"1,211,000 ","12,110 ",2019/04/23,1.02%,,,,,,,,,,,,
,2019/04/24,5480 ,日本冶金工業　普通株式,"Nippon Yakin kogyo Co.,Ltd.",Nomura International plc,"1 Angel Lane, London, EC4R 3AB, United Kingdom",,,,0.63%,"984,000 ","9,840 ",2019/04/23,0.47%,,,,,,,,,,,,
,2019/04/24,5486 ,日立金属　普通株式,"Hitachi Metals,Ltd.","Deutsche Bank Aktiengesellschaft, London 　ドイツ銀行ロンドン支店","Winchester House, 1 Great Winchester Street, London EC2N 2DB, England, UK　
  英国ロンドン市 EC2N 2DB、グレート・ウィンチェスター・ストリート 1、ウィンチェスター ハウス",,,,0.47%,"2,020,693 ","20,206 ",2019/03/29,0.59%,顧客取引のヘッジポジションを含む場合がある,,,,,,,,,,,
,2019/04/24,5541 ,大平洋金属　普通株式,"PACIFIC METALS CO.,LTD.",GOLDMAN SACHS INTERNATIONAL,Peterborough Court 133 Fleet Street London,,,,1.21%,"238,780 ","2,387 ",2019/04/22,1.14%,顧客取引に係るヘッジポジションも含む,,,,,,,,,,,
,2019/04/24,5541 ,大平洋金属　普通株式,"PACIFIC METALS CO.,LTD.",OXAM QUANT FUND LIMITED,"HARBOUR PLACE, PO BOX 472, GRAND CAYMAN",OXFORD ASSET MANAGEMENT,"OXAM HOUSE, 6 GEORGE STREET, OXFORD, OX1 2BW, UK",OXAM QUANT FUND LIMITED,0.77%,"151,000 ","1,510 ",2019/04/23,0.77%,,,,,,,,,,,,
,2019/04/24,5704 ,ＪＭＣ　普通株式,JMC Corporation,GOLDMAN SACHS INTERNATIONAL,Peterborough Court 133 Fleet Street London,,,,0.92%,"48,694 ",486 ,2019/04/17,0.87%,顧客取引に係るヘッジポジションも含む,,,,,,,,,,,
,2019/04/24,5707 ,東邦亜鉛　普通株式,"Toho Zinc CO.,Ltd.",UBS AG,"Bahnhofstrasse 45, 8001 Zurich, Switzerland",,,,0.89%,"121,710 ","1,217 ",2019/04/01,0.97%,,,,,,,,,,,,
,2019/04/24,5713 ,住友金属鉱山　普通株式,"Sumitomo Metal Mining Co.,Ltd.",MERRILL LYNCH INTERNATIONAL,"2 KING EDWARD STREET, LONDON, EC1A 1HQ",,,,0.85%,"2,476,831 ","24,768 ",2019/04/18,0.83%,,,,,,,,,,,,
,2019/04/24,5955 ,ヤマシナ　普通株式,YAMASHINA CORPORATION,JPM Securities Japan Co Ltd.,"TOKYO BUILDING,7-3, MARUNOUCHI 2-CHOME, CHIYODA-KU, TOKYO, 1006432, JAPAN",,,,0.50%,"719,300 ","7,193 ",2019/04/23,0.46%,,,,,,,,,,,,
,2019/04/24,6033 ,エクストリーム　普通株式,"EXTREME CO.,LTD.","Deutsche Bank Aktiengesellschaft, London 　ドイツ銀行ロンドン支店","Winchester House, 1 Great Winchester Street, London EC2N 2DB, England, UK　
  英国ロンドン市 EC2N 2DB、グレート・ウィンチェスター・ストリート 1、ウィンチェスター ハウス",,,,4.02%,"218,400 ","2,184 ",2019/04/23,3.91%,顧客取引のヘッジポジションを含む場合がある,,,,,,,,,,,
,2019/04/24,6033 ,エクストリーム　普通株式,"EXTREME CO.,LTD.",Nomura International plc,"1 Angel Lane, London, EC4R 3AB, United Kingdom",,,,1.53%,"83,500 ",835 ,2019/04/22,1.69%,,,,,,,,,,,,
,2019/04/25,6033 ,エクストリーム　普通株式,"EXTREME CO.,LTD.",モルガン・スタンレーMUFG証券株式会社,東京都千代田区大手町一丁目９番７号大手町フィナンシャルシティサウスタワー,,,,0.74%,"40,500 ",405 ,2019/04/23,0.64%,,,,,,,,,,,,
,2019/04/24,6044 ,三機サービス　普通株式,SANKI SERVICE CORPORATION,JPM Securities Japan Co Ltd.,"TOKYO BUILDING,7-3, MARUNOUCHI 2-CHOME, CHIYODA-KU, TOKYO, 1006432, JAPAN",,,,0.81%,"47,276 ",472 ,2019/04/23,0.72%,,,,,,,,,,,,
,2019/04/24,6047 ,Ｇｕｎｏｓｙ　普通株式,Gunosy Inc.,JPM Securities Japan Co Ltd.,"TOKYO BUILDING,7-3, MARUNOUCHI 2-CHOME, CHIYODA-KU, TOKYO, 1006432, JAPAN",,,,1.67%,"398,681 ","3,986 ",2019/04/16,1.75%,,,,,,,,,,,,
,2019/04/24,6048 ,デザインワン・ジャパン　普通株式,"DesignOne Japan,Inc.",Citigroup Global Markets Limited,"Citigroup Centre, Canada Square, Canary Wharf, London E14 5LB , UK",,,,0.89%,"134,541 ","1,345 ",2019/04/22,0.71%,,,,,,,,,,,,
,2019/04/24,6067 ,インパクトホールディングス　普通株式,Impact HD Inc.,GOLDMAN SACHS INTERNATIONAL,Peterborough Court 133 Fleet Street London,,,,1.25%,"63,400 ",634 ,2019/04/23,1.11%,顧客取引に係るヘッジポジションも含む,,,,,,,,,,,
,2019/04/25,6069 ,トレンダーズ　普通株式,"Trenders,Inc.",モルガン・スタンレーMUFG証券株式会社,東京都千代田区大手町一丁目９番７号大手町フィナンシャルシティサウスタワー,,,,0.59%,"44,400 ",444 ,2019/04/22,0.61%,,,,,,,,,,,,
,2019/04/24,6088 ,シグマクシス　普通株式,SIGMAXYZ Inc.,"Deutsche Bank Aktiengesellschaft, London 　ドイツ銀行ロンドン支店","Winchester House, 1 Great Winchester Street, London EC2N 2DB, England, UK　
  英国ロンドン市 EC2N 2DB、グレート・ウィンチェスター・ストリート 1、ウィンチェスター ハウス",,,,0.68%,"144,400 ","1,444 ",2019/04/12,0.78%,顧客取引のヘッジポジションを含む場合がある,,,,,,,,,,,
,2019/04/24,6090 ,ヒューマン・メタボローム・テクノロジーズ　普通株式,"Human Metabolome Technologies,Inc.",OXAM QUANT FUND LIMITED,"HARBOUR PLACE, PO BOX 472, GRAND CAYMAN",OXFORD ASSET MANAGEMENT,"OXAM HOUSE, 6 GEORGE STREET, OXFORD, OX1 2BW, UK",OXAM QUANT FUND LIMITED,0.58%,"33,900 ",339 ,2019/04/23,0.58%,,,,,,,,,,,,
,2019/04/24,6093 ,エスクロー・エージェント・ジャパン　普通株式,"Escrow Agent Japan,Inc.",GOLDMAN SACHS INTERNATIONAL,Peterborough Court 133 Fleet Street London,,,,0.59%,"252,900 ","2,529 ",2019/04/17,0.60%,顧客取引に係るヘッジポジションも含む,,,,,,,,,,,
,2019/04/24,6101 ,ツガミ　普通株式,TSUGAMI CORPORATION,Credit Suisse Securities (Europe) Limited,"One Cabot Square, London E14 4QJ, United Kingdom ",,,,0.57%,"316,220 ","3,162 ",2019/04/23,0.86%,SUBSEQUENT,,,,,,,,,,,
,2019/04/24,6101 ,ツガミ　普通株式,TSUGAMI CORPORATION,"Deutsche Bank Aktiengesellschaft, London 　ドイツ銀行ロンドン支店","Winchester House, 1 Great Winchester Street, London EC2N 2DB, England, UK　
  英国ロンドン市 EC2N 2DB、グレート・ウィンチェスター・ストリート 1、ウィンチェスター ハウス",,,,1.52%,"837,100 ","8,371 ",2019/04/23,1.47%,顧客取引のヘッジポジションを含む場合がある,,,,,,,,,,,
,2019/04/24,6101 ,ツガミ　普通株式,TSUGAMI CORPORATION,GOLDMAN SACHS INTERNATIONAL,Peterborough Court 133 Fleet Street London,,,,0.73%,"403,380 ","4,033 ",2019/04/18,0.60%,顧客取引に係るヘッジポジションも含む,,,,,,,,,,,
,2019/04/24,6101 ,ツガミ　普通株式,TSUGAMI CORPORATION,MERRILL LYNCH INTERNATIONAL,"2 KING EDWARD STREET, LONDON, EC1A 1HQ",,,,0.73%,"403,617 ","4,036 ",2019/04/23,0.74%,,,,,,,,,,,,
,2019/04/24,6101 ,ツガミ　普通株式,TSUGAMI CORPORATION,Nomura International plc,"1 Angel Lane, London, EC4R 3AB, United Kingdom",,,,1.31%,"721,700 ","7,217 ",2019/04/23,1.41%,,,,,,,,,,,,
,2019/04/25,6101 ,ツガミ　普通株式,TSUGAMI CORPORATION,モルガン・スタンレーMUFG証券株式会社,東京都千代田区大手町一丁目９番７号大手町フィナンシャルシティサウスタワー,,,,3.12%,"1,720,769 ","17,207 ",2019/04/24,3.09%,,,,,,,,,,,,
,2019/04/24,6141 ,ＤＭＧ森精機　普通株式,"DMG MORI CO.,LTD.",Credit Suisse Securities (Europe) Limited,"One Cabot Square, London E14 4QJ, United Kingdom ",,,,1.09%,"1,382,125 ","13,821 ",2019/04/12,1.12%,SUBSEQUENT,,,,,,,,,,,
,2019/04/24,6141 ,ＤＭＧ森精機　普通株式,"DMG MORI CO.,LTD.",MERRILL LYNCH INTERNATIONAL,"2 KING EDWARD STREET, LONDON, EC1A 1HQ",,,,1.48%,"1,870,879 ","18,708 ",2019/04/23,1.49%,,,,,,,,,,,,
,2019/04/25,6141 ,ＤＭＧ森精機　普通株式,"DMG MORI CO.,LTD.",モルガン・スタンレーMUFG証券株式会社,東京都千代田区大手町一丁目９番７号大手町フィナンシャルシティサウスタワー,,,,2.25%,"2,834,615 ","28,346 ",2019/04/22,2.39%,,,,,,,,,,,,
,2019/04/24,6177 ,ＡｐｐＢａｎｋ　普通株式,AppBank Inc.,UBS AG,"Bahnhofstrasse 45, 8001 Zurich, Switzerland",,,,1.30%,"102,600 ","1,026 ",2019/04/19,1.24%,,,,,,,,,,,,
,2019/04/24,6203 ,豊和工業　普通株式,"Howa Machinery,Ltd.",OXAM QUANT FUND LIMITED,"HARBOUR PLACE, PO BOX 472, GRAND CAYMAN",OXFORD ASSET MANAGEMENT,"OXAM HOUSE, 6 GEORGE STREET, OXFORD, OX1 2BW, UK",OXAM QUANT FUND LIMITED,0.74%,"92,600 ",926 ,2019/04/23,0.74%,,,,,,,,,,,,
,2019/04/24,6208 ,石川製作所　普通株式,"Ishikawa Seisakusho,Ltd.",Nomura International plc,"1 Angel Lane, London, EC4R 3AB, United Kingdom",,,,0.62%,"39,600 ",396 ,2019/04/23,0.57%,,,,,,,,,,,,
,2019/04/25,6208 ,石川製作所　普通株式,"Ishikawa Seisakusho,Ltd.",モルガン・スタンレーMUFG証券株式会社,東京都千代田区大手町一丁目９番７号大手町フィナンシャルシティサウスタワー,,,,1.09%,"69,999 ",699 ,2019/04/18,1.10%,,,,,,,,,,,,
,2019/04/24,6222 ,島精機製作所　普通株式,"SHIMA SEIKI MFG.,LTD.",GOLDMAN SACHS INTERNATIONAL,Peterborough Court 133 Fleet Street London,,,,0.63%,"231,839 ","2,318 ",2019/04/23,0.55%,顧客取引に係るヘッジポジションも含む,,,,,,,,,,,
,2019/04/24,6292 ,カワタ　普通株式,"KAWATA MFG. CO.,LTD.","Deutsche Bank Aktiengesellschaft, London 　ドイツ銀行ロンドン支店","Winchester House, 1 Great Winchester Street, London EC2N 2DB, England, UK　
  英国ロンドン市 EC2N 2DB、グレート・ウィンチェスター・ストリート 1、ウィンチェスター ハウス",,,,0.62%,"45,300 ",453 ,2019/04/22,0.52%,顧客取引のヘッジポジションを含む場合がある,,,,,,,,,,,
,2019/04/25,6301 ,小松製作所　普通株式,KOMATSU LTD.,大和証券株式会社,東京都千代田区丸の内１－９－１グラントウキョウノースタワー,,,,0.99%,"9,643,100 ","96,431 ",2019/04/15,0.85%,,,,,,,,,,,,
,2019/04/24,6315 ,ＴＯＷＡ　普通株式,TOWA CORPORATION,Nomura International plc,"1 Angel Lane, London, EC4R 3AB, United Kingdom",,,,0.52%,"131,000 ","1,310 ",2019/04/19,0.67%,,,,,,,,,,,,
,2019/04/25,6390 ,加藤製作所　普通株式,"KATO WORKS CO.,LTD.",ＳＭＢＣ日興証券株式会社,東京都千代田区丸の内三丁目3番1号,,,,1.32%,"155,260 ","1,552 ",2019/04/23,1.27%,,,,,,,,,,,,
,2019/04/24,6432 ,竹内製作所　普通株式,"TAKEUCHI MFG.CO.,LTD.",GOLDMAN SACHS INTERNATIONAL,Peterborough Court 133 Fleet Street London,,,,1.11%,"544,348 ","5,443 ",2019/04/22,1.28%,顧客取引に係るヘッジポジションも含む,,,,,,,,,,,
,2019/04/24,6494 ,ＮＦＫホールディングス　普通株式,"NFK HOLDINGS CO.,Ltd",OXAM QUANT FUND LIMITED,"HARBOUR PLACE, PO BOX 472, GRAND CAYMAN",OXFORD ASSET MANAGEMENT,"OXAM HOUSE, 6 GEORGE STREET, OXFORD, OX1 2BW, UK",OXAM QUANT FUND LIMITED,1.68%,"515,300 ","5,153 ",2019/04/23,1.68%,,,,,,,,,,,,
,2019/04/24,6506 ,安川電機　普通株式,YASKAWA Electric Corporation,MERRILL LYNCH INTERNATIONAL,"2 KING EDWARD STREET, LONDON, EC1A 1HQ",,,,0.96%,"2,575,016 ","25,750 ",2019/04/23,0.99%,,,,,,,,,,,,
,2019/04/25,6516 ,山洋電気　普通株式,"SANYO DENKI CO.,LTD.",モルガン・スタンレーMUFG証券株式会社,東京都千代田区大手町一丁目９番７号大手町フィナンシャルシティサウスタワー,,,,0.56%,"72,876 ",728 ,2019/04/22,0.49%,,,,,,,,,,,,
,2019/04/24,6531 ,リファインバース　普通株式,"REFINVERSE,Inc.",Nomura International plc,"1 Angel Lane, London, EC4R 3AB, United Kingdom",,,,0.63%,"19,500 ",195 ,2019/04/23,0.58%,,,,,,,,,,,,
,2019/04/24,6541 ,グレイステクノロジー　普通株式,"GRACE TECHNOLOGY,INC.",MERRILL LYNCH INTERNATIONAL,"2 KING EDWARD STREET, LONDON, EC1A 1HQ",,,,0.95%,"132,014 ","1,320 ",2019/04/23,0.98%,,,,,,,,,,,,
,2019/04/24,6572 ,ＲＰＡホールディングス　普通株式,"RPA Holdings,Inc.",Credit Suisse Securities (Europe) Limited,"One Cabot Square, London E14 4QJ, United Kingdom ",,,,0.66%,"180,600 ","1,806 ",2019/04/18,0.56%,SUBSEQUENT,,,,,,,,,,,
,2019/04/24,6573 ,アジャイルメディア・ネットワーク　普通株式,Agile Media Network Inc.,JPM Securities Japan Co Ltd.,"TOKYO BUILDING,7-3, MARUNOUCHI 2-CHOME, CHIYODA-KU, TOKYO, 1006432, JAPAN",,,,2.23%,"46,000 ",460 ,2019/04/23,2.37%,,,,,,,,,,,,
,2019/04/24,6731 ,ピクセラ　普通株式,PIXELA CORPORATION,Evo Fund,"190 Elgin Ave. George Town, Grand Cayman KY1-9005, Cayman Islands","Evolution Japan Asset Management Co., Ltd.","New Otani Garden Court 12F, Kioicho 4-1, Chiyoda-ku , Tokyo 102-0094",Evo Fund,0.80%,"460,600 ","4,606 ",,,,,,,,,,,,,,
,2019/04/25,6731 ,ピクセラ　普通株式,PIXELA CORPORATION,Evo Fund,"190 Elgin Ave. George Town, Grand Cayman KY1-9005, Cayman Islands","Evolution Japan Asset Management Co., Ltd.","New Otani Garden Court 12F, Kioicho 4-1, Chiyoda-ku , Tokyo 102-0094",Evo Fund,0.94%,"540,600 ","5,406 ",2019/04/24,0.80%,,,,,,,,,,,,
,2019/04/25,6754 ,アンリツ　普通株式,ANRITSU CORPORATION,モルガン・スタンレーMUFG証券株式会社,東京都千代田区大手町一丁目９番７号大手町フィナンシャルシティサウスタワー,,,,1.85%,"2,563,896 ","25,638 ",2019/04/23,1.91%,,,,,,,,,,,,
,2019/04/24,6777 ,ｓａｎｔｅｃ　普通株式,SANTEC CORPORATION,GOLDMAN SACHS INTERNATIONAL,Peterborough Court 133 Fleet Street London,,,,0.51%,"61,700 ",617 ,2019/03/28,0.41%,顧客取引に係るヘッジポジションも含む,,,,,,,,,,,
,2019/04/24,6786 ,ＲＶＨ　普通株式,RVH Inc.,Citigroup Global Markets Limited,"Citigroup Centre, Canada Square, Canary Wharf, London E14 5LB , UK",,,,2.99%,"578,300 ","5,783 ",2019/03/15,3.01%,,,,,,,,,,,,
,2019/04/24,6787 ,メイコー　普通株式,"Meiko Electronics Co.,Ltd.",GOLDMAN SACHS INTERNATIONAL,Peterborough Court 133 Fleet Street London,,,,1.39%,"375,066 ","3,750 ",2019/04/23,1.44%,顧客取引に係るヘッジポジションも含む,,,,,,,,,,,
,2019/04/25,6787 ,メイコー　普通株式,"Meiko Electronics Co.,Ltd.",モルガン・スタンレーMUFG証券株式会社,東京都千代田区大手町一丁目９番７号大手町フィナンシャルシティサウスタワー,,,,1.22%,"329,594 ","3,295 ",2019/04/24,1.33%,,,,,,,,,,,,
,2019/04/24,6838 ,多摩川ホールディングス　普通株式,"TAMAGAWA HOLDINGS CO.,LTD.",JPM Securities Japan Co Ltd.,"TOKYO BUILDING,7-3, MARUNOUCHI 2-CHOME, CHIYODA-KU, TOKYO, 1006432, JAPAN",,,,0.65%,"29,200 ",292 ,2019/04/15,0.42%,,,,,,,,,,,,
,2019/04/24,6839 ,船井電機　普通株式,"FUNAI ELECTRIC CO.,LTD.",MERRILL LYNCH INTERNATIONAL,"2 KING EDWARD STREET, LONDON, EC1A 1HQ",,,,2.84%,"1,029,580 ","10,295 ",2019/04/22,2.88%,,,,,,,,,,,,
,2019/04/24,6840 ,ＡＫＩＢＡホールディングス　普通株式,"AKIBA Holdings Co.,Ltd.",JPM Securities Japan Co Ltd.,"TOKYO BUILDING,7-3, MARUNOUCHI 2-CHOME, CHIYODA-KU, TOKYO, 1006432, JAPAN",,,,1.93%,"17,800 ",178 ,2019/04/22,1.89%,,,,,,,,,,,,
,2019/04/24,6857 ,アドバンテスト　普通株式,ADVANTEST CORPORATION,GOLDMAN SACHS INTERNATIONAL,Peterborough Court 133 Fleet Street London,,,,2.40%,"4,796,298 ","47,962 ",2019/04/23,2.54%,顧客取引に係るヘッジポジションも含む,,,,,,,,,,,
,2019/04/25,6857 ,アドバンテスト　普通株式,ADVANTEST CORPORATION,モルガン・スタンレーMUFG証券株式会社,東京都千代田区大手町一丁目９番７号大手町フィナンシャルシティサウスタワー,,,,0.66%,"1,325,370 ","13,253 ",2019/04/24,0.54%,,,,,,,,,,,,
,2019/04/24,6875 ,メガチップス　普通株式,MegaChips Corporation,GOLDMAN SACHS INTERNATIONAL,Peterborough Court 133 Fleet Street London,,,,1.54%,"354,862 ","3,548 ",2019/04/22,1.48%,顧客取引に係るヘッジポジションも含む,,,,,,,,,,,
,2019/04/24,6882 ,三社電機製作所　普通株式,"Sansha Electric Manufacturing Co.,Ltd.","Deutsche Bank Aktiengesellschaft, London 　ドイツ銀行ロンドン支店","Winchester House, 1 Great Winchester Street, London EC2N 2DB, England, UK　
  英国ロンドン市 EC2N 2DB、グレート・ウィンチェスター・ストリート 1、ウィンチェスター ハウス",,,,0.62%,"92,700 ",927 ,2019/04/09,0.52%,顧客取引のヘッジポジションを含む場合がある,,,,,,,,,,,
,2019/04/25,6890 ,フェローテックホールディングス　普通株式,Ferrotec Holdings Corporation,モルガン・スタンレーMUFG証券株式会社,東京都千代田区大手町一丁目９番７号大手町フィナンシャルシティサウスタワー,,,,0.53%,"198,385 ","1,983 ",2019/04/24,0.60%,,,,,,,,,,,,
,2019/04/24,6908 ,イリソ電子工業　普通株式,"IRISO ELECTRONICS CO.,LTD.","Deutsche Bank Aktiengesellschaft, London 　ドイツ銀行ロンドン支店","Winchester House, 1 Great Winchester Street, London EC2N 2DB, England, UK　
  英国ロンドン市 EC2N 2DB、グレート・ウィンチェスター・ストリート 1、ウィンチェスター ハウス",,,,0.48%,"120,300 ","1,203 ",2019/04/22,0.50%,顧客取引のヘッジポジションを含む場合がある,,,,,,,,,,,
,2019/04/24,6908 ,イリソ電子工業　普通株式,"IRISO ELECTRONICS CO.,LTD.",MERRILL LYNCH INTERNATIONAL,"2 KING EDWARD STREET, LONDON, EC1A 1HQ",,,,0.49%,"121,177 ","1,211 ",2019/04/23,0.50%,,,,,,,,,,,,
,2019/04/25,6955 ,ＦＤＫ　普通株式,FDK CORPORATION,モルガン・スタンレーMUFG証券株式会社,東京都千代田区大手町一丁目９番７号大手町フィナンシャルシティサウスタワー,,,,0.64%,"221,379 ","2,213 ",2019/04/15,0.58%,,,,,,,,,,,,
,2019/04/24,6976 ,太陽誘電　普通株式,"TAIYO YUDEN CO.,LTD.",Credit Suisse Securities (Europe) Limited,"One Cabot Square, London E14 4QJ, United Kingdom ",,,,3.76%,"4,906,683 ","49,066 ",2019/04/23,3.63%,SUBSEQUENT,,,,,,,,,,,
,2019/04/24,6976 ,太陽誘電　普通株式,"TAIYO YUDEN CO.,LTD.",MERRILL LYNCH INTERNATIONAL,"2 KING EDWARD STREET, LONDON, EC1A 1HQ",,,,0.84%,"1,096,823 ","10,968 ",2019/04/23,0.85%,,,,,,,,,,,,
,2019/04/24,6999 ,ＫＯＡ　普通株式,KOA CORPORATION,Credit Suisse Securities (Europe) Limited,"One Cabot Square, London E14 4QJ, United Kingdom ",,,,0.61%,"248,717 ","2,487 ",2019/04/23,0.55%,SUBSEQUENT,,,,,,,,,,,
,2019/04/24,7004 ,日立造船　普通株式,Hitachi Zosen Corporation,Nomura International plc,"1 Angel Lane, London, EC4R 3AB, United Kingdom",,,,0.75%,"1,282,720 ","12,827 ",2019/04/19,0.66%,,,,,,,,,,,,
,2019/04/24,7046 ,テクノスデータサイエンス・エンジニアリング　普通株式,TECNOS DATA SCIENCE ENGINEERING INCORPORATED,GOLDMAN SACHS INTERNATIONAL,Peterborough Court 133 Fleet Street London,,,,3.13%,"68,900 ",689 ,2019/04/23,2.85%,顧客取引に係るヘッジポジションも含む,,,,,,,,,,,
,2019/04/24,7049 ,識学　普通株式,"SHIKIGAKU.Co.,Ltd.",GOLDMAN SACHS INTERNATIONAL,Peterborough Court 133 Fleet Street London,,,,2.45%,"61,060 ",610 ,2019/04/23,2.35%,顧客取引に係るヘッジポジションも含む,,,,,,,,,,,
,2019/04/24,7061 ,日本ホスピスホールディングス　普通株式,Japan Hospice Holdings Inc.,野村證券株式会社,東京都中央区日本橋一丁目９番１号,,,,0.00%,0 ,0 ,2019/03/28,3.82%,,,,,,,,,,,,
,2019/04/25,7157 ,ライフネット生命保険　普通株式,LIFENET INSURANCE COMPANY,三井住友DSアセットマネジメント株式会社,東京都港区愛宕二丁目5番1号 愛宕グリーンヒルズMORIタワー 28階,,,国内株式ロングショートＶ・マザーファンド,0.53%,"275,800 ","2,758 ",2019/04/19,0.44%,,,,,,,,,,,,
,2019/04/25,7172 ,ジャパンインベストメントアドバイザー　普通株式,"Japan Investment Adviser Co.,Ltd.",モルガン・スタンレーMUFG証券株式会社,東京都千代田区大手町一丁目９番７号大手町フィナンシャルシティサウスタワー,,,,1.41%,"428,504 ","4,285 ",2019/04/18,1.30%,,,,,,,,,,,,
,2019/04/24,7196 ,Ｃａｓａ　普通株式,Casa Inc.,UBS AG,"Bahnhofstrasse 45, 8001 Zurich, Switzerland",,,,0.50%,"55,900 ",559 ,2019/04/04,0.40%,,,,,,,,,,,,
,2019/04/25,7198 ,アルヒ　普通株式,ARUHI Corporation,モルガン・スタンレーMUFG証券株式会社,東京都千代田区大手町一丁目９番７号大手町フィナンシャルシティサウスタワー,,,,1.10%,"398,222 ","3,982 ",2019/04/24,0.90%,,,,,,,,,,,,
,2019/04/24,7199 ,プレミアグループ　普通株式,"Premium Group Co.,Ltd.",JPM Securities Japan Co Ltd.,"TOKYO BUILDING,7-3, MARUNOUCHI 2-CHOME, CHIYODA-KU, TOKYO, 1006432, JAPAN",,,,0.73%,"96,400 ",964 ,2019/04/18,0.68%,,,,,,,,,,,,
,2019/04/24,7271 ,安永　普通株式,YASUNAGA CORPORATION,Citigroup Global Markets Limited,"Citigroup Centre, Canada Square, Canary Wharf, London E14 5LB , UK",,,,0.21%,"27,900 ",279 ,2019/04/04,0.62%,,,,,,,,,,,,
,2019/04/24,7599 ,ＩＤＯＭ　普通株式,IDOM Inc.,Nomura International plc,"1 Angel Lane, London, EC4R 3AB, United Kingdom",,,,0.52%,"558,000 ","5,580 ",2019/04/23,0.32%,,,,,,,,,,,,
,2019/04/24,7599 ,ＩＤＯＭ　普通株式,IDOM Inc.,UBS AG,"Bahnhofstrasse 45, 8001 Zurich, Switzerland",,,,0.80%,"862,534 ","8,625 ",2019/04/18,0.71%,,,,,,,,,,,,
,2019/04/24,7608 ,エスケイジャパン　普通株式,"SK JAPAN CO.,LTD.",JPM Securities Japan Co Ltd.,"TOKYO BUILDING,7-3, MARUNOUCHI 2-CHOME, CHIYODA-KU, TOKYO, 1006432, JAPAN",,,,0.77%,"66,100 ",661 ,2019/04/22,0.67%,,,,,,,,,,,,
,2019/04/24,7671 ,ＡｍｉｄＡホールディングス　普通株式,"AmidA Holdings Co.,Ltd.",Integrated Core Strategies (Asia) Pte. Ltd.,"80 Raffles Place, #14-20 UOB Plaza 2, Singapore 048624",,,,1.13%,"23,900 ",239 ,2019/04/19,1.00%,,,,,,,,,,,,
,2019/04/24,7717 ,ブイ・テクノロジー　普通株式,"V Technology Co.,Ltd.",Nomura International plc,"1 Angel Lane, London, EC4R 3AB, United Kingdom",,,,0.51%,"26,000 ",260 ,2019/04/23,0.44%,,,,,,,,,,,,
,2019/04/24,7725 ,インターアクション　普通株式,INTER ACTION Corporation,"Deutsche Bank Aktiengesellschaft, London 　ドイツ銀行ロンドン支店","Winchester House, 1 Great Winchester Street, London EC2N 2DB, England, UK　
  英国ロンドン市 EC2N 2DB、グレート・ウィンチェスター・ストリート 1、ウィンチェスター ハウス",,,,0.78%,"90,000 ",900 ,2019/04/22,0.96%,顧客取引のヘッジポジションを含む場合がある,,,,,,,,,,,
,2019/04/24,7725 ,インターアクション　普通株式,INTER ACTION Corporation,JPM Securities Japan Co Ltd.,"TOKYO BUILDING,7-3, MARUNOUCHI 2-CHOME, CHIYODA-KU, TOKYO, 1006432, JAPAN",,,,2.30%,"265,188 ","2,651 ",2019/04/22,2.23%,,,,,,,,,,,,
,2019/04/24,7725 ,インターアクション　普通株式,INTER ACTION Corporation,Nomura International plc,"1 Angel Lane, London, EC4R 3AB, United Kingdom",,,,0.34%,"40,000 ",400 ,2019/04/23,1.04%,,,,,,,,,,,,
,2019/04/24,7725 ,インターアクション　普通株式,INTER ACTION Corporation,UBS AG,"Bahnhofstrasse 45, 8001 Zurich, Switzerland",,,,0.89%,"102,900 ","1,029 ",2019/04/19,0.90%,,,,,,,,,,,,
,2019/04/25,7725 ,インターアクション　普通株式,INTER ACTION Corporation,モルガン・スタンレーMUFG証券株式会社,東京都千代田区大手町一丁目９番７号大手町フィナンシャルシティサウスタワー,,,,3.73%,"405,262 ","4,052 ",2019/04/23,3.59%,,,,,,,,,,,,
,2019/04/24,7735 ,ＳＣＲＥＥＮホールディングス　普通株式,"SCREEN Holdings Co.,Ltd.",J.P. MORGAN SECURITIES PLC,25 BANK STREET CANARY WHARF LONDON E14 5JP UNITED KINGDOM REG. NO. 2711006,,,,0.04%,"23,497 ",234 ,2019/04/12,0.87%,,,,,,,,,,,,
,2019/04/24,7746 ,岡本硝子　普通株式,"OKAMOTO GLASS CO.,LTD.",JPM Securities Japan Co Ltd.,"TOKYO BUILDING,7-3, MARUNOUCHI 2-CHOME, CHIYODA-KU, TOKYO, 1006432, JAPAN",,,,2.91%,"674,000 ","6,740 ",2019/04/23,2.66%,,,,,,,,,,,,
,2019/04/24,7746 ,岡本硝子　普通株式,"OKAMOTO GLASS CO.,LTD.",UBS AG,"Bahnhofstrasse 45, 8001 Zurich, Switzerland",,,,1.21%,"282,100 ","2,821 ",2019/04/22,1.01%,,,,,,,,,,,,
,2019/04/24,7748 ,ホロン　普通株式,"HOLON CO.,LTD.",JPM Securities Japan Co Ltd.,"TOKYO BUILDING,7-3, MARUNOUCHI 2-CHOME, CHIYODA-KU, TOKYO, 1006432, JAPAN",,,,0.53%,"17,800 ",178 ,2019/04/22,0.67%,,,,,,,,,,,,
,2019/04/24,7752 ,リコー　普通株式,"RICOH COMPANY,LTD.",Barclays Bank PLC,"1 Churchill Place, London, E14 5HP, United Kingdom",,,,1.49%,"11,164,066 ","111,640 ",2019/03/13,1.52%,,,,,,,,,,,,
,2019/04/24,7762 ,シチズン時計　普通株式,"Citizen Watch Co.,Ltd.",GOLDMAN SACHS INTERNATIONAL,Peterborough Court 133 Fleet Street London,,,,0.99%,"3,192,265 ","31,922 ",2019/04/22,1.09%,顧客取引に係るヘッジポジションも含む,,,,,,,,,,,
,2019/04/24,7777 ,スリー・ディー・マトリックス　普通株式,"3-D Matrix,Ltd.",Nomura International plc,"1 Angel Lane, London, EC4R 3AB, United Kingdom",,,,0.59%,"166,400 ","1,664 ",2019/04/19,0.42%,,,,,,,,,,,,
,2019/04/24,7779 ,ＣＹＢＥＲＤＹＮＥ　普通株式,"CYBERDYNE,INC.",Credit Suisse Securities (Europe) Limited,"One Cabot Square, London E14 4QJ, United Kingdom ",,,,1.00%,"1,386,600 ","13,866 ",2019/04/23,1.24%,SUBSEQUENT,,,,,,,,,,,
,2019/04/24,7779 ,ＣＹＢＥＲＤＹＮＥ　普通株式,"CYBERDYNE,INC.",Nomura International plc,"1 Angel Lane, London, EC4R 3AB, United Kingdom",,,,1.21%,"1,665,815 ","16,658 ",2019/04/19,1.19%,,,,,,,,,,,,
,2019/04/24,7859 ,アルメディオ　普通株式,ALMEDIO INC.,Barclays Capital Securities Ltd,"5 The North Colonnade, Canary Wharf
London E14 4BB, United Kingdom",,,,0.80%,"93,800 ",938 ,2019/04/23,0.71%,,,,,,,,,,,,
,2019/04/24,7859 ,アルメディオ　普通株式,ALMEDIO INC.,Citigroup Global Markets Limited,"Citigroup Centre, Canada Square, Canary Wharf, London E14 5LB , UK",,,,0.65%,"76,281 ",762 ,,,,,,,,,,,,,,
,2019/04/24,7859 ,アルメディオ　普通株式,ALMEDIO INC.,"Deutsche Bank Aktiengesellschaft, London 　ドイツ銀行ロンドン支店","Winchester House, 1 Great Winchester Street, London EC2N 2DB, England, UK　
  英国ロンドン市 EC2N 2DB、グレート・ウィンチェスター・ストリート 1、ウィンチェスター ハウス",,,,0.76%,"89,700 ",897 ,2019/04/23,0.54%,顧客取引のヘッジポジションを含む場合がある,,,,,,,,,,,
,2019/04/24,7919 ,野崎印刷紙業　普通株式,"Nozaki Insatsu Shigyo Co.,Ltd.",UBS AG,"Bahnhofstrasse 45, 8001 Zurich, Switzerland",,,,0.48%,"104,600 ","1,046 ",2019/03/28,0.58%,,,,,,,,,,,,
,2019/04/24,7936 ,アシックス　普通株式,ASICS Corporation,MERRILL LYNCH INTERNATIONAL,"2 KING EDWARD STREET, LONDON, EC1A 1HQ",,,,0.78%,"1,481,260 ","14,812 ",2019/04/23,0.75%,,,,,,,,,,,,
,2019/04/25,7936 ,アシックス　普通株式,ASICS Corporation,モルガン・スタンレーMUFG証券株式会社,東京都千代田区大手町一丁目９番７号大手町フィナンシャルシティサウスタワー,,,,1.80%,"3,424,065 ","34,240 ",2019/04/24,1.72%,,,,,,,,,,,,
,2019/04/24,7951 ,ヤマハ　普通株式,YAMAHA CORPORATION,野村證券株式会社,東京都中央区日本橋一丁目９番１号,,,,0.69%,"1,339,333 ","13,393 ",2019/04/19,0.70%,,,,,,,,,,,,
,2019/04/25,8028 ,ユニー・ファミリーマートホールディングス　普通株式,"FamilyMart UNY Holdings Co.,Ltd.",モルガン・スタンレーMUFG証券株式会社,東京都千代田区大手町一丁目９番７号大手町フィナンシャルシティサウスタワー,,,,0.48%,"2,468,389 ","24,683 ",2019/04/19,0.53%,,,,,,,,,,,,
,2019/04/24,8186 ,大塚家具　普通株式,"OTSUKA KAGU,LTD.",MERRILL LYNCH INTERNATIONAL,"2 KING EDWARD STREET, LONDON, EC1A 1HQ",,,,1.26%,"358,000 ","3,580 ",2019/04/23,1.25%,,,,,,,,,,,,
,2019/04/24,8186 ,大塚家具　普通株式,"OTSUKA KAGU,LTD.",Nomura International plc,"1 Angel Lane, London, EC4R 3AB, United Kingdom",,,,1.02%,"289,500 ","2,895 ",2019/04/18,1.11%,,,,,,,,,,,,
,2019/04/24,8186 ,大塚家具　普通株式,"OTSUKA KAGU,LTD.",UBS AG,"Bahnhofstrasse 45, 8001 Zurich, Switzerland",,,,1.34%,"380,400 ","3,804 ",2019/04/23,1.06%,,,,,,,,,,,,
,2019/04/24,8226 ,理経　普通株式,RIKEI CORPORATION,Credit Suisse Securities (Europe) Limited,"One Cabot Square, London E14 4QJ, United Kingdom ",,,,0.37%,"58,400 ",584 ,2019/04/23,0.99%,SUBSEQUENT,,,,,,,,,,,
,2019/04/24,8226 ,理経　普通株式,RIKEI CORPORATION,Nomura International plc,"1 Angel Lane, London, EC4R 3AB, United Kingdom",,,,0.98%,"152,600 ","1,526 ",2019/04/23,1.40%,,,,,,,,,,,,
,2019/04/24,8226 ,理経　普通株式,RIKEI CORPORATION,UBS AG,"Bahnhofstrasse 45, 8001 Zurich, Switzerland",,,,0.96%,"150,000 ","1,500 ",2019/04/10,1.05%,,,,,,,,,,,,
,2019/04/24,8227 ,しまむら　普通株式,"SHIMAMURA Co.,Ltd.",MERRILL LYNCH INTERNATIONAL,"2 KING EDWARD STREET, LONDON, EC1A 1HQ",,,,0.65%,"241,057 ","2,410 ",2019/04/22,0.62%,,,,,,,,,,,,
,2019/04/24,8252 ,丸井グループ　普通株式,"MARUI GROUP CO.,LTD.",GOLDMAN SACHS INTERNATIONAL,Peterborough Court 133 Fleet Street London,,,,0.60%,"1,352,214 ","13,522 ",2019/04/02,0.51%,顧客取引に係るヘッジポジションも含む,,,,,,,,,,,
,2019/04/24,8256 ,プロルート丸光　普通株式,"MARUMITSU CO.,LTD.",JPM Securities Japan Co Ltd.,"TOKYO BUILDING,7-3, MARUNOUCHI 2-CHOME, CHIYODA-KU, TOKYO, 1006432, JAPAN",,,,1.90%,"391,000 ","3,910 ",2019/04/16,1.89%,,,,,,,,,,,,
,2019/04/24,8256 ,プロルート丸光　普通株式,"MARUMITSU CO.,LTD.",Nomura International plc,"1 Angel Lane, London, EC4R 3AB, United Kingdom",,,,1.52%,"313,000 ","3,130 ",2019/04/23,1.48%,,,,,,,,,,,,
,2019/04/24,8418 ,山口フィナンシャルグループ　普通株式,"Yamaguchi Financial Group,Inc.",Integrated Core Strategies (Asia) Pte. Ltd.,"80 Raffles Place, #14-20 UOB Plaza 2, Singapore 048624",,,,0.85%,"2,268,263 ","22,682 ",2019/04/19,0.70%,,,,,,,,,,,,
,2019/04/24,8628 ,松井証券　普通株式,"MATSUI SECURITIES CO.,LTD.",GOLDMAN SACHS INTERNATIONAL,Peterborough Court 133 Fleet Street London,,,,0.51%,"1,332,045 ","13,320 ",2019/04/22,0.47%,顧客取引に係るヘッジポジションも含む,,,,,,,,,,,
,2019/04/24,8698 ,マネックスグループ　普通株式,"Monex Group,Inc.",Credit Suisse Securities (Europe) Limited,"One Cabot Square, London E14 4QJ, United Kingdom ",,,,0.53%,"1,432,000 ","14,320 ",2019/04/17,0.49%,SUBSEQUENT,,,,,,,,,,,
,2019/04/24,8698 ,マネックスグループ　普通株式,"Monex Group,Inc.",MERRILL LYNCH INTERNATIONAL,"2 KING EDWARD STREET, LONDON, EC1A 1HQ",,,,0.51%,"1,359,412 ","13,594 ",2019/04/23,0.52%,,,,,,,,,,,,
,2019/04/24,8698 ,マネックスグループ　普通株式,"Monex Group,Inc.",Nomura International plc,"1 Angel Lane, London, EC4R 3AB, United Kingdom",,,,0.66%,"1,773,200 ","17,732 ",2019/04/23,0.55%,,,,,,,,,,,,
,2019/04/25,8698 ,マネックスグループ　普通株式,"Monex Group,Inc.",モルガン・スタンレーMUFG証券株式会社,東京都千代田区大手町一丁目９番７号大手町フィナンシャルシティサウスタワー,,,,1.24%,"3,303,664 ","33,036 ",2019/04/24,1.15%,,,,,,,,,,,,
,2019/04/24,8705 ,岡藤ホールディングス　普通株式,"Okato Holdings,Inc.",Barclays Capital Securities Ltd,"5 The North Colonnade, Canary Wharf
London E14 4BB, United Kingdom",,,,0.59%,"65,300 ",653 ,2019/04/19,0.69%,,,,,,,,,,,,
,2019/04/24,8715 ,アニコム　ホールディングス　普通株式,"Anicom Holdings,Inc.",Integrated Core Strategies (Asia) Pte. Ltd.,"80 Raffles Place, #14-20 UOB Plaza 2, Singapore 048624",,,,0.60%,"121,400 ","1,214 ",2019/03/28,0.52%,,,,,,,,,,,,
,2019/04/24,8848 ,レオパレス２１　普通株式,LEOPALACE21 CORPORATION,GOLDMAN SACHS INTERNATIONAL,Peterborough Court 133 Fleet Street London,,,,1.88%,"4,618,841 ","46,188 ",2019/04/23,1.69%,顧客取引に係るヘッジポジションも含む,,,,,,,,,,,
,2019/04/24,8848 ,レオパレス２１　普通株式,LEOPALACE21 CORPORATION,J.P. MORGAN SECURITIES PLC,25 BANK STREET CANARY WHARF LONDON E14 5JP UNITED KINGDOM REG. NO. 2711006,,,,0.00%,0 ,0 ,2019/04/03,1.83%,,,,,,,,,,,,
,2019/04/24,8848 ,レオパレス２１　普通株式,LEOPALACE21 CORPORATION,Nomura International plc,"1 Angel Lane, London, EC4R 3AB, United Kingdom",,,,4.38%,"10,735,600 ","107,356 ",2019/04/23,4.40%,,,,,,,,,,,,
,2019/04/25,8848 ,レオパレス２１　普通株式,LEOPALACE21 CORPORATION,モルガン・スタンレーMUFG証券株式会社,東京都千代田区大手町一丁目９番７号大手町フィナンシャルシティサウスタワー,,,,6.89%,"16,875,591 ","168,755 ",2019/04/24,6.98%,,,,,,,,,,,,
,2019/04/25,8897 ,タカラレーベン　普通株式,"Takara Leben CO.,LTD.",モルガン・スタンレーMUFG証券株式会社,東京都千代田区大手町一丁目９番７号大手町フィナンシャルシティサウスタワー,,,,0.89%,"1,081,943 ","10,819 ",2019/04/12,0.93%,,,,,,,,,,,,
,2019/04/24,8912 ,エリアクエスト　普通株式,Area Quest Inc.,Barclays Capital Securities Ltd,"5 The North Colonnade, Canary Wharf
London E14 4BB, United Kingdom",,,,0.49%,"111,500 ","1,115 ",2019/04/12,0.59%,,,,,,,,,,,,
,2019/04/24,8946 ,ＡＳＩＡＮ　ＳＴＡＲ　普通株式,ASIAN STAR CO.,Barclays Capital Securities Ltd,"5 The North Colonnade, Canary Wharf
London E14 4BB, United Kingdom",,,,0.85%,"154,200 ","1,542 ",2019/04/23,0.75%,,,,,,,,,,,,
,2019/04/24,9104 ,商船三井　普通株式,"Mitsui O.S.K.Lines,Ltd.",Barclays Capital Securities Ltd,"5 The North Colonnade, Canary Wharf
London E14 4BB, United Kingdom",,,,0.49%,"599,429 ","5,994 ",2019/04/17,0.57%,,,,,,,,,,,,
,2019/04/24,9104 ,商船三井　普通株式,"Mitsui O.S.K.Lines,Ltd.",J.P. MORGAN SECURITIES PLC,25 BANK STREET CANARY WHARF LONDON E14 5JP UNITED KINGDOM REG. NO. 2711006,,,,0.03%,"38,745 ",387 ,2019/04/11,0.62%,,,,,,,,,,,,
,2019/04/24,9107 ,川崎汽船　普通株式,"Kawasaki Kisen Kaisha,Ltd.",MERRILL LYNCH INTERNATIONAL,"2 KING EDWARD STREET, LONDON, EC1A 1HQ",,,,0.86%,"811,747 ","8,117 ",2019/04/22,0.85%,,,,,,,,,,,,
,2019/04/25,9107 ,川崎汽船　普通株式,"Kawasaki Kisen Kaisha,Ltd.",モルガン・スタンレーMUFG証券株式会社,東京都千代田区大手町一丁目９番７号大手町フィナンシャルシティサウスタワー,,,,0.86%,"814,363 ","8,143 ",2019/04/19,0.97%,,,,,,,,,,,,
,2019/04/24,9262 ,シルバーライフ　普通株式,"SILVER LIFE CO.,LTD.",GOLDMAN SACHS INTERNATIONAL,Peterborough Court 133 Fleet Street London,,,,0.68%,"36,000 ",360 ,2019/04/18,0.70%,顧客取引に係るヘッジポジションも含む,,,,,,,,,,,
,2019/04/24,9325 ,ファイズ　普通株式,PHYZ inc.,Citigroup Global Markets Limited,"Citigroup Centre, Canada Square, Canary Wharf, London E14 5LB , UK",,,,0.47%,"51,800 ",518 ,2018/12/28,0.53%,,,,,,,,,,,,
,2019/04/24,9419 ,ワイヤレスゲート　普通株式,"WirelessGate,Inc.",GOLDMAN SACHS INTERNATIONAL,Peterborough Court 133 Fleet Street London,,,,3.67%,"390,200 ","3,902 ",2019/04/11,3.73%,顧客取引に係るヘッジポジションも含む,,,,,,,,,,,
,2019/04/24,9419 ,ワイヤレスゲート　普通株式,"WirelessGate,Inc.",Nomura International plc,"1 Angel Lane, London, EC4R 3AB, United Kingdom",,,,0.72%,"77,100 ",771 ,2019/04/23,0.69%,,,,,,,,,,,,
,2019/04/25,9419 ,ワイヤレスゲート　普通株式,"WirelessGate,Inc.",モルガン・スタンレーMUFG証券株式会社,東京都千代田区大手町一丁目９番７号大手町フィナンシャルシティサウスタワー,,,,0.65%,"69,877 ",698 ,2019/04/24,0.70%,,,,,,,,,,,,
,2019/04/24,9424 ,日本通信　普通株式,Japan Communications Inc.,UBS AG,"Bahnhofstrasse 45, 8001 Zurich, Switzerland",,,,0.59%,"959,900 ","9,599 ",2018/12/06,0.61%,,,,,,,,,,,,
,2019/04/24,9425 ,日本テレホン　普通株式,NIPPON TELEPHONE INC.,UBS AG,"Bahnhofstrasse 45, 8001 Zurich, Switzerland",,,,1.90%,"64,900 ",649 ,2019/04/16,1.80%,,,,,,,,,,,,
,2019/04/24,9449 ,ＧＭＯインターネット　普通株式,GMO internet Inc.,"Deutsche Bank Aktiengesellschaft, London 　ドイツ銀行ロンドン支店","Winchester House, 1 Great Winchester Street, London EC2N 2DB, England, UK　
  英国ロンドン市 EC2N 2DB、グレート・ウィンチェスター・ストリート 1、ウィンチェスター ハウス",,,,0.59%,"680,900 ","6,809 ",2019/04/18,0.62%,顧客取引のヘッジポジションを含む場合がある,,,,,,,,,,,
,2019/04/24,9504 ,中国電力　普通株式,"The Chugoku Electric Power Company,Incorporated",MERRILL LYNCH INTERNATIONAL,"2 KING EDWARD STREET, LONDON, EC1A 1HQ",,,,0.59%,"2,189,796 ","21,897 ",2019/04/23,0.58%,,,,,,,,,,,,
,2019/04/24,9508 ,九州電力　普通株式,"Kyushu Electric Power Company,Incorporated",Nomura International plc,"1 Angel Lane, London, EC4R 3AB, United Kingdom",,,,0.77%,"3,665,992 ","36,659 ",2019/04/22,1.28%,,,,,,,,,,,,
,2019/04/24,9627 ,アインホールディングス　普通株式,AIN HOLDINGS INC.,Nomura International plc,"1 Angel Lane, London, EC4R 3AB, United Kingdom",,,,0.69%,"247,500 ","2,475 ",2019/04/17,0.71%,,,,,,,,,,,,
,2019/04/24,9702 ,アイ・エス・ビー　普通株式,ISB CORPORATION,JPM Securities Japan Co Ltd.,"TOKYO BUILDING,7-3, MARUNOUCHI 2-CHOME, CHIYODA-KU, TOKYO, 1006432, JAPAN",,,,0.69%,"35,300 ",353 ,2019/04/23,0.70%,,,,,,,,,,,,
,2019/04/24,9783 ,ベネッセホールディングス　普通株式,"Benesse Holdings,Inc.",MERRILL LYNCH INTERNATIONAL,"2 KING EDWARD STREET, LONDON, EC1A 1HQ",,,,0.86%,"884,805 ","8,848 ",2019/04/23,0.92%,,,,,,,,,,,,
,2019/04/24,9972 ,アルテック　普通株式,"ALTECH CO.,LTD.","Deutsche Bank Aktiengesellschaft, London 　ドイツ銀行ロンドン支店","Winchester House, 1 Great Winchester Street, London EC2N 2DB, England, UK　
  英国ロンドン市 EC2N 2DB、グレート・ウィンチェスター・ストリート 1、ウィンチェスター ハウス",,,,0.50%,"97,400 ",974 ,2019/04/16,0.49%,顧客取引のヘッジポジションを含む場合がある,,,,,,,,,,,
,2019/04/24,9983 ,ファーストリテイリング　普通株式,"FAST RETAILING CO.,LTD.",Societe Generale,"Tour S.G. 17 cours Valmy Cedex 92987
PARIS La Defense France",,,,0.74%,"791,839 ","7,918 ",2019/04/17,0.80%,,,,,,,,,,,,